"contrast","Buffer.Size","Environment","Model.Unique","ratio","SE","df","null","t.ratio","p.value"
"(wasm-bypass wasm) / (js-bypass wasm)","128","Chrome","guitar-lstm",0.954933224685254,0.0133915531075538,1296.0000000011,1,-3.28831609723336,0.00931434759338216
"(wasm-bypass wasm) / (js-onnx wasm)","128","Chrome","guitar-lstm",0.0920338023200128,0.00129064055956876,1296.0000000011,1,-170.113807156491,0
"(wasm-bypass wasm) / (wasm-onnx wasm)","128","Chrome","guitar-lstm",0.0919270260813957,0.00128914317772771,1296.00000000085,1,-170.196586382566,0
"(wasm-bypass wasm) / (wasm-bypass js)","128","Chrome","guitar-lstm",0.938892517132512,0.0131666054551711,1296.00000000196,1,-4.49631334019999,8.28560157154029e-05
"(wasm-bypass wasm) / (js-bypass js)","128","Chrome","guitar-lstm",0.906126172446114,0.0127071050066928,1296.00000000171,1,-7.02937021770991,4.01488869627193e-11
"(wasm-bypass wasm) / (js-onnx js)","128","Chrome","guitar-lstm",0.0930572411568625,0.00130499280450229,1296.00000000159,1,-169.325214066725,0
"(wasm-bypass wasm) / (wasm-onnx js)","128","Chrome","guitar-lstm",0.0927662709403399,0.00130091236934038,1296.00000000171,1,-169.548530292695,0
"(js-bypass wasm) / (js-onnx wasm)","128","Chrome","guitar-lstm",0.096377212501269,0.00135155058616244,1295.999999999,1,-166.825491059182,0
"(js-bypass wasm) / (wasm-onnx wasm)","128","Chrome","guitar-lstm",0.0962653971032319,0.00134998253742108,1295.999999999,1,-166.908270285258,0
"(js-bypass wasm) / (wasm-bypass js)","128","Chrome","guitar-lstm",0.983202273061523,0.0137879854997366,1295.99999999924,1,-1.20799724296611,1
"(js-bypass wasm) / (js-bypass js)","128","Chrome","guitar-lstm",0.948889565283241,0.0133067995522796,1295.99999999961,1,-3.74105412047444,0.00191256560905878
"(js-bypass wasm) / (js-onnx js)","128","Chrome","guitar-lstm",0.0974489511426668,0.00136658016578388,1295.99999999961,1,-166.036897969413,0
"(js-bypass wasm) / (wasm-onnx js)","128","Chrome","guitar-lstm",0.0971442489823471,0.00136230716003182,1295.99999999961,1,-166.260214195382,0
"(js-onnx wasm) / (wasm-onnx wasm)","128","Chrome","guitar-lstm",0.998839814981828,0.014007279339017,1295.999999999,1,-0.0827792260756204,1
"(js-onnx wasm) / (wasm-bypass js)","128","Chrome","guitar-lstm",10.2016052087891,0.143062713082255,1295.99999999924,1,165.617493816218,0
"(js-onnx wasm) / (js-bypass js)","128","Chrome","guitar-lstm",9.84558009779279,0.138069977403678,1295.99999999949,1,163.084436938725,0
"(js-onnx wasm) / (js-onnx js)","128","Chrome","guitar-lstm",1.01112024941978,0.0141794946161769,1295.99999999949,1,0.788593089787514,1
"(js-onnx wasm) / (wasm-onnx js)","128","Chrome","guitar-lstm",1.00795869128367,0.0141351583499459,1295.99999999961,1,0.56527686381765,1
"(wasm-onnx wasm) / (wasm-bypass js)","128","Chrome","guitar-lstm",10.2134547059227,0.143228885088906,1295.99999999924,1,165.700273042293,0
"(wasm-onnx wasm) / (js-bypass js)","128","Chrome","guitar-lstm",9.85701606014965,0.13823035018502,1295.99999999949,1,163.1672161648,0
"(wasm-onnx wasm) / (js-onnx js)","128","Chrome","guitar-lstm",1.01229469856303,0.0141959645615798,1295.99999999949,1,0.87137231586314,1
"(wasm-onnx wasm) / (wasm-onnx js)","128","Chrome","guitar-lstm",1.00912946817404,0.0141515767973297,1295.99999999949,1,0.648056089893277,1
"(wasm-bypass js) / (js-bypass js)","128","Chrome","guitar-lstm",0.965101069517019,0.0135341423803308,1295.99999999974,1,-2.53305687750824,0.0913951795250701
"(wasm-bypass js) / (js-onnx js)","128","Chrome","guitar-lstm",0.0991138383348397,0.00138992779332026,1295.99999999986,1,-164.828900726448,0
"(wasm-bypass js) / (wasm-onnx js)","128","Chrome","guitar-lstm",0.0988039304260929,0.00138558178449875,1295.99999999986,1,-165.052216952418,0
"(js-bypass js) / (js-onnx js)","128","Chrome","guitar-lstm",0.102697884672784,0.00144018884365728,1296.00000000011,1,-162.295843848955,0
"(js-bypass js) / (wasm-onnx js)","128","Chrome","guitar-lstm",0.102376770212822,0.00143568567921287,1296.00000000011,1,-162.519160074925,0
"(js-onnx js) / (wasm-onnx js)","128","Chrome","guitar-lstm",0.996873212520537,0.0139797005925414,1296.00000000011,1,-0.223316225969888,1
"(wasm-bypass wasm) / (js-bypass wasm)","1024","Chrome","guitar-lstm",0.992420311320617,0.0139172551132569,1295.99999999974,1,-0.542555979878149,1
"(wasm-bypass wasm) / (js-onnx wasm)","1024","Chrome","guitar-lstm",0.0831800846930048,0.00116648001437454,1295.99999999974,1,-177.32652996844,0
"(wasm-bypass wasm) / (wasm-onnx wasm)","1024","Chrome","guitar-lstm",0.0844325428438913,0.00118404392293802,1295.99999999974,1,-176.26082589926,0
"(wasm-bypass wasm) / (wasm-bypass js)","1024","Chrome","guitar-lstm",0.989858651812229,0.0138813315549779,1295.99999999961,1,-0.726857503185227,1
"(wasm-bypass wasm) / (js-bypass js)","1024","Chrome","guitar-lstm",0.98136521870697,0.0137622234775178,1295.99999999974,1,-1.34135774789094,1
"(wasm-bypass wasm) / (js-onnx js)","1024","Chrome","guitar-lstm",0.0832793909370827,0.00116787264037928,1295.99999999974,1,-177.241447489014,0
"(wasm-bypass wasm) / (wasm-onnx js)","1024","Chrome","guitar-lstm",0.0842392804591409,0.00118133369836715,1295.99999999974,1,-176.42423529959,0
"(js-bypass wasm) / (js-onnx wasm)","1024","Chrome","guitar-lstm",0.0838153791736858,0.001175389097813,1296.00000000011,1,-176.783973988577,0
"(js-bypass wasm) / (wasm-onnx wasm)","1024","Chrome","guitar-lstm",0.0850774030728338,0.00119308715211834,1296.00000000011,1,-175.718269919398,0
"(js-bypass wasm) / (wasm-bypass js)","1024","Chrome","guitar-lstm",0.997418775614356,0.0139873513234577,1295.99999999986,1,-0.184301523307115,1
"(js-bypass wasm) / (js-bypass js)","1024","Chrome","guitar-lstm",0.988860473241487,0.0138673335486283,1296.00000000011,1,-0.798801768012866,1
"(js-bypass wasm) / (js-onnx js)","1024","Chrome","guitar-lstm",0.083915443877063,0.00117679236010908,1296.00000000011,1,-176.698891509153,0
"(js-bypass wasm) / (wasm-onnx js)","1024","Chrome","guitar-lstm",0.0848826646313228,0.00119035622799279,1296.00000000011,1,-175.881679319728,0
"(js-onnx wasm) / (wasm-onnx wasm)","1024","Chrome","guitar-lstm",1.01505718773321,0.0142347044645109,1296.00000000011,1,1.06570406917857,1
"(js-onnx wasm) / (wasm-bypass js)","1024","Chrome","guitar-lstm",11.9001880734496,0.166882873541292,1295.99999999986,1,176.599672465263,0
"(js-onnx wasm) / (js-bypass js)","1024","Chrome","guitar-lstm",11.7980790994494,0.165450943315448,1296.00000000011,1,175.985172220564,0
"(js-onnx wasm) / (js-onnx js)","1024","Chrome","guitar-lstm",1.00119387043719,0.0140402915516313,1296.00000000011,1,0.0850824794247164,1
"(js-onnx wasm) / (wasm-onnx js)","1024","Chrome","guitar-lstm",1.01273376638224,0.0142021218507654,1296.00000000011,1,0.902294668849806,1
"(wasm-onnx wasm) / (wasm-bypass js)","1024","Chrome","guitar-lstm",11.7236626835034,0.164407361041371,1295.99999999986,1,175.533968396084,0
"(wasm-onnx wasm) / (js-bypass js)","1024","Chrome","guitar-lstm",11.6230683768631,0.162996671827849,1296.00000000011,1,174.919468151385,0
"(wasm-onnx wasm) / (js-onnx js)","1024","Chrome","guitar-lstm",0.986342328822895,0.0138320202263536,1296.00000000011,1,-0.980621589753853,1
"(wasm-onnx wasm) / (wasm-onnx js)","1024","Chrome","guitar-lstm",0.997711043890887,0.0139914499620274,1296.00000000011,1,-0.163409400328764,1
"(wasm-bypass js) / (js-bypass js)","1024","Chrome","guitar-lstm",0.991419549559213,0.0139032208814069,1295.99999999986,1,-0.614500244705717,1
"(wasm-bypass js) / (js-onnx js)","1024","Chrome","guitar-lstm",0.0841326090190909,0.0011798377861739,1295.99999999986,1,-176.514589985838,0
"(wasm-bypass js) / (wasm-onnx js)","1024","Chrome","guitar-lstm",0.0851023328481456,0.00119343675605028,1295.99999999986,1,-175.697377796413,0
"(js-bypass js) / (js-onnx js)","1024","Chrome","guitar-lstm",0.0848607525002875,0.00119004894214403,1296.00000000011,1,-175.90008974114,0
"(js-bypass js) / (wasm-onnx js)","1024","Chrome","guitar-lstm",0.0858388690095754,0.00120376560718501,1296.00000000011,1,-175.082877551715,0
"(js-onnx js) / (wasm-onnx js)","1024","Chrome","guitar-lstm",1.01152613523295,0.0141851865758665,1296.00000000011,1,0.817212189425089,1
"(wasm-bypass wasm) / (js-bypass wasm)","8192","Chrome","guitar-lstm",0.995679965325028,0.0139629670317282,1295.99999999974,1,-0.308723056426962,1
"(wasm-bypass wasm) / (js-onnx wasm)","8192","Chrome","guitar-lstm",0.0814815761624117,0.00114266089634294,1295.99999999974,1,-178.797699413508,0
"(wasm-bypass wasm) / (wasm-onnx wasm)","8192","Chrome","guitar-lstm",0.0826211518734146,0.00115864179245116,1295.99999999974,1,-177.807309027207,0
"(wasm-bypass wasm) / (wasm-bypass js)","8192","Chrome","guitar-lstm",0.991197851419026,0.0139001118866205,1295.99999999949,1,-0.630447839403074,1
"(wasm-bypass wasm) / (js-bypass js)","8192","Chrome","guitar-lstm",0.992097248074394,0.0139127246199124,1295.99999999974,1,-0.565772902935532,1
"(wasm-bypass wasm) / (js-onnx js)","8192","Chrome","guitar-lstm",0.0812460752329952,0.00113935833746067,1295.99999999974,1,-179.004096529133,0
"(wasm-bypass wasm) / (wasm-onnx js)","8192","Chrome","guitar-lstm",0.0824382658865109,0.00115607708180654,1295.99999999974,1,-177.965329133906,0
"(js-bypass wasm) / (js-onnx wasm)","8192","Chrome","guitar-lstm",0.0818351066608165,0.00114761864869886,1296.00000000011,1,-178.488976357098,0
"(js-bypass wasm) / (wasm-onnx wasm)","8192","Chrome","guitar-lstm",0.0829796267382401,0.00116366888237309,1296.00000000011,1,-177.498585970796,0
"(js-bypass wasm) / (wasm-bypass js)","8192","Chrome","guitar-lstm",0.995498439195231,0.013960421391106,1295.99999999986,1,-0.321724782976154,1
"(js-bypass wasm) / (js-bypass js)","8192","Chrome","guitar-lstm",0.996401738133333,0.0139730888482521,1296.00000000011,1,-0.257049846508593,1
"(js-bypass wasm) / (js-onnx js)","8192","Chrome","guitar-lstm",0.0815985839450665,0.00114430176074562,1296.00000000011,1,-178.695373472723,0
"(js-bypass wasm) / (wasm-onnx js)","8192","Chrome","guitar-lstm",0.0827959472495763,0.00116109304401746,1296.00000000011,1,-177.656606077496,0
"(js-onnx wasm) / (wasm-onnx wasm)","8192","Chrome","guitar-lstm",1.01398568565649,0.0142196782023658,1296.00000000011,1,0.990390386301498,1
"(js-onnx wasm) / (wasm-bypass js)","8192","Chrome","guitar-lstm",12.1646867684952,0.170592084018025,1295.99999999986,1,178.167251574114,0
"(js-onnx wasm) / (js-bypass js)","8192","Chrome","guitar-lstm",12.1757248055304,0.170746876474012,1296.00000000011,1,178.231926510589,0
"(js-onnx wasm) / (js-onnx js)","8192","Chrome","guitar-lstm",0.997109764679231,0.0139830178933893,1296.00000000011,1,-0.206397115624985,1
"(js-onnx wasm) / (wasm-onnx js)","8192","Chrome","guitar-lstm",1.01174117842532,0.0141882022446658,1296.00000000011,1,0.832370279602027,1
"(wasm-onnx wasm) / (wasm-bypass js)","8192","Chrome","guitar-lstm",11.9969018700884,0.168239144231684,1295.99999999986,1,177.176861187812,0
"(wasm-onnx wasm) / (js-bypass js)","8192","Chrome","guitar-lstm",12.0077876618618,0.168391801668743,1296.00000000011,1,177.241536124288,0
"(wasm-onnx wasm) / (js-onnx js)","8192","Chrome","guitar-lstm",0.983356844957497,0.0137901531463299,1296.00000000011,1,-1.19678750192648,1
"(wasm-onnx wasm) / (wasm-onnx js)","8192","Chrome","guitar-lstm",0.99778645077251,0.0139925074341457,1296.00000000011,1,-0.15802010669947,1
"(wasm-bypass js) / (js-bypass js)","8192","Chrome","guitar-lstm",1.00090738358046,0.0140362739890869,1295.99999999986,1,0.0646749364675721,1
"(wasm-bypass js) / (js-onnx js)","8192","Chrome","guitar-lstm",0.0819675659271063,0.00114947619774344,1295.99999999986,1,-178.373648689739,0
"(wasm-bypass js) / (wasm-onnx js)","8192","Chrome","guitar-lstm",0.0831703436084834,0.00116634340979595,1295.99999999986,1,-177.334881294512,0
"(js-bypass js) / (js-onnx js)","8192","Chrome","guitar-lstm",0.0818932573300544,0.00114843412747288,1296.00000000011,1,-178.438323626214,0
"(js-bypass js) / (wasm-onnx js)","8192","Chrome","guitar-lstm",0.0830949446201156,0.00116528604836907,1296.00000000011,1,-177.399556230987,0
"(js-onnx js) / (wasm-onnx js)","8192","Chrome","guitar-lstm",1.0146738245521,0.0142293283520597,1296.00000000011,1,1.03876739522701,1
"(wasm-bypass wasm) / (js-bypass wasm)","128","Firefox","guitar-lstm",0.972266386341195,0.0136346255537121,1295.99999999961,1,-2.00558728354449,0.180431433244424
"(wasm-bypass wasm) / (js-onnx wasm)","128","Firefox","guitar-lstm",0.156140834479445,0.00218964868237693,1295.99999999974,1,-132.419893185956,0
"(wasm-bypass wasm) / (wasm-onnx wasm)","128","Firefox","guitar-lstm",0.136941032786086,0.00192039931772533,1295.99999999961,1,-141.776152946632,0
"(wasm-bypass wasm) / (wasm-bypass js)","128","Firefox","guitar-lstm",0.955178461511615,0.0133949921982715,1295.99999999961,1,-3.27000564884028,0.0055185603750512
"(wasm-bypass wasm) / (js-bypass js)","128","Firefox","guitar-lstm",0.856779350627779,0.012015087420561,1295.99999999974,1,-11.0225206151114,5.4526989707256e-26
"(wasm-bypass wasm) / (js-onnx js)","128","Firefox","guitar-lstm",0.154684235835011,0.00216922199954813,1295.99999999961,1,-133.088235705633,0
"(wasm-bypass wasm) / (wasm-onnx js)","128","Firefox","guitar-lstm",0.136678574381294,0.00191671871935945,1295.99999999974,1,-141.912952744162,0
"(js-bypass wasm) / (js-onnx wasm)","128","Firefox","guitar-lstm",0.160594706011621,0.0022521077691647,1296.00000000011,1,-130.414305902425,0
"(js-bypass wasm) / (wasm-onnx wasm)","128","Firefox","guitar-lstm",0.140847235603216,0.00197517814531459,1296.00000000011,1,-139.770565663103,0
"(js-bypass wasm) / (wasm-bypass js)","128","Firefox","guitar-lstm",0.982424647123835,0.0137770804240983,1295.99999999998,1,-1.26441836529595,0.618921734838962
"(js-bypass wasm) / (js-bypass js)","128","Firefox","guitar-lstm",0.881218730446895,0.0123578142671111,1296.00000000011,1,-9.0169333315679,6.10346428320557e-18
"(js-bypass wasm) / (js-onnx js)","128","Firefox","guitar-lstm",0.159096558317844,0.00223109842119612,1296.00000000011,1,-131.082648422103,0
"(js-bypass wasm) / (wasm-onnx js)","128","Firefox","guitar-lstm",0.140577290649365,0.00197139255895926,1296.00000000011,1,-139.907365460633,0
"(js-onnx wasm) / (wasm-onnx wasm)","128","Firefox","guitar-lstm",0.877035358768454,0.0122991485483442,1296.00000000011,1,-9.35625976067737,3.51249860129018e-19
"(js-onnx wasm) / (wasm-bypass js)","128","Firefox","guitar-lstm",6.117416143548,0.085787886576419,1295.99999999998,1,129.149887537127,0
"(js-onnx wasm) / (js-bypass js)","128","Firefox","guitar-lstm",5.48722154255277,0.0769503215518003,1296.00000000011,1,121.397372570857,0
"(js-onnx wasm) / (js-onnx js)","128","Firefox","guitar-lstm",0.990671251058122,0.013892727080522,1296.00000000011,1,-0.6683425196782,1
"(js-onnx wasm) / (wasm-onnx js)","128","Firefox","guitar-lstm",0.875354450595602,0.0122755762497962,1296.00000000011,1,-9.49305955820791,1.140847870038e-19
"(wasm-onnx wasm) / (wasm-bypass js)","128","Firefox","guitar-lstm",6.97510776776226,0.0978157673105489,1295.99999999998,1,138.506147297804,0
"(wasm-onnx wasm) / (js-bypass js)","128","Firefox","guitar-lstm",6.25655680548388,0.0877391325018582,1296.00000000011,1,130.753632331534,0
"(wasm-onnx wasm) / (js-onnx js)","128","Firefox","guitar-lstm",1.12956819945006,0.0158405552770761,1296.00000000011,1,8.68791724099915,7.65671269277233e-17
"(wasm-onnx wasm) / (wasm-onnx js)","128","Firefox","guitar-lstm",0.998083420290816,0.0139966720008116,1295.99999999998,1,-0.136799797530561,1
"(wasm-bypass js) / (js-bypass js)","128","Firefox","guitar-lstm",0.89698353255567,0.0125788927459121,1295.99999999998,1,-7.75251496627178,1.08685349657456e-13
"(wasm-bypass js) / (js-onnx js)","128","Firefox","guitar-lstm",0.161942759461113,0.00227101226310635,1295.99999999998,1,-129.818230056805,0
"(wasm-bypass js) / (wasm-onnx js)","128","Firefox","guitar-lstm",0.14309218631772,0.002006660322225,1295.99999999998,1,-138.642947095334,0
"(js-bypass js) / (js-onnx js)","128","Firefox","guitar-lstm",0.180541507824239,0.00253183272677904,1296.00000000011,1,-122.065715090535,0
"(js-bypass js) / (wasm-onnx js)","128","Firefox","guitar-lstm",0.159525990304443,0.00223712058181004,1296.00000000011,1,-130.890432129064,0
"(js-onnx js) / (wasm-onnx js)","128","Firefox","guitar-lstm",0.883597308048102,0.0123911703672483,1296.00000000011,1,-8.82471703852968,2.78374215270078e-17
"(wasm-bypass wasm) / (js-bypass wasm)","1024","Firefox","guitar-lstm",1.01189609081118,0.0141903746661385,1296.00000000011,1,0.843287838058031,0.912488548856498
"(wasm-bypass wasm) / (js-onnx wasm)","1024","Firefox","guitar-lstm",0.11537090140692,0.00161790951798411,1296.00000000011,1,-153.9983261209,0
"(wasm-bypass wasm) / (wasm-onnx wasm)","1024","Firefox","guitar-lstm",0.107389825149164,0.00150598650200942,1296.00000000011,1,-159.110208079345,0
"(wasm-bypass wasm) / (wasm-bypass js)","1024","Firefox","guitar-lstm",0.966545859581358,0.0135544034649538,1296.00000000011,1,-2.42638519848848,0.0769288211872277
"(wasm-bypass wasm) / (js-bypass js)","1024","Firefox","guitar-lstm",0.941806401932061,0.013207468462172,1296.00000000011,1,-4.27534731573847,0.000163859455750124
"(wasm-bypass wasm) / (js-onnx js)","1024","Firefox","guitar-lstm",0.113719693523514,0.00159475372290793,1296.00000000011,1,-155.026281031904,0
"(wasm-bypass wasm) / (wasm-onnx js)","1024","Firefox","guitar-lstm",0.106025321293921,0.00148685131499258,1296.00000000011,1,-160.022066677949,0
"(js-bypass wasm) / (js-onnx wasm)","1024","Firefox","guitar-lstm",0.114014573684571,0.00159888898936958,1296.00000000011,1,-154.841613958957,0
"(js-bypass wasm) / (wasm-onnx wasm)","1024","Firefox","guitar-lstm",0.10612732485514,0.00148828176695708,1296.00000000011,1,-159.953495917402,0
"(js-bypass wasm) / (wasm-bypass js)","1024","Firefox","guitar-lstm",0.955182916861092,0.0133950546780827,1296.00000000011,1,-3.2696730365465,0.00662999891311282
"(js-bypass wasm) / (js-bypass js)","1024","Firefox","guitar-lstm",0.930734302152575,0.0130521983256051,1296.00000000011,1,-5.1186351537965,3.89605433117911e-06
"(js-bypass wasm) / (js-onnx js)","1024","Firefox","guitar-lstm",0.112382777793273,0.00157600541932079,1296.00000000011,1,-155.869568869962,0
"(js-bypass wasm) / (wasm-onnx js)","1024","Firefox","guitar-lstm",0.104778862431346,0.00146937153774421,1296.00000000011,1,-160.865354516007,0
"(js-onnx wasm) / (wasm-onnx wasm)","1024","Firefox","guitar-lstm",0.930822450371548,0.0130534344764952,1296.00000000011,1,-5.11188195844531,3.89605433117911e-06
"(js-onnx wasm) / (wasm-bypass js)","1024","Firefox","guitar-lstm",8.3777265133111,0.117485460368786,1296.00000000011,1,151.571940922411,0
"(js-onnx wasm) / (js-bypass js)","1024","Firefox","guitar-lstm",8.1632923938962,0.114478332934129,1295.99999999998,1,149.72297880516,0
"(js-onnx wasm) / (js-onnx js)","1024","Firefox","guitar-lstm",0.985687830611793,0.0138228418384558,1296.00000000011,1,-1.0279549110049,0.912488548856498
"(js-onnx wasm) / (wasm-onnx js)","1024","Firefox","guitar-lstm",0.918995344588349,0.0128875764760506,1296.00000000011,1,-6.02374055705015,2.66038426971773e-08
"(wasm-onnx wasm) / (wasm-bypass js)","1024","Firefox","guitar-lstm",9.0003485734224,0.126216831493364,1296.00000000011,1,156.683822880856,0
"(wasm-onnx wasm) / (js-bypass js)","1024","Firefox","guitar-lstm",8.76997798091111,0.122986218143357,1295.99999999998,1,154.834860763605,0
"(wasm-onnx wasm) / (js-onnx js)","1024","Firefox","guitar-lstm",1.05894290604867,0.0148501379967127,1296.00000000011,1,4.08392704744041,0.000328958800405633
"(wasm-onnx wasm) / (wasm-onnx js)","1024","Firefox","guitar-lstm",0.987293918643154,0.0138453648930646,1296.00000000011,1,-0.911858598604851,0.912488548856498
"(wasm-bypass js) / (js-bypass js)","1024","Firefox","guitar-lstm",0.974404258831534,0.0136646061138708,1296.00000000011,1,-1.84896211725002,0.258763585024279
"(wasm-bypass js) / (js-onnx js)","1024","Firefox","guitar-lstm",0.117655766041738,0.00164995142972178,1296.00000000011,1,-152.599895833416,0
"(wasm-bypass js) / (wasm-onnx js)","1024","Firefox","guitar-lstm",0.109695075761686,0.00153831429750946,1296.00000000011,1,-157.595681479461,0
"(js-bypass js) / (js-onnx js)","1024","Firefox","guitar-lstm",0.120746358583064,0.00169329250643911,1296.00000000011,1,-150.750933716165,0
"(js-bypass js) / (wasm-onnx js)","1024","Firefox","guitar-lstm",0.112576556154658,0.0015787228797154,1296.00000000011,1,-155.746719362211,0
"(js-onnx js) / (wasm-onnx js)","1024","Firefox","guitar-lstm",0.932339140291455,0.0130747038522852,1296.00000000011,1,-4.99578564604525,5.99401490570821e-06
"(wasm-bypass wasm) / (js-bypass wasm)","8192","Firefox","guitar-lstm",0.999925057664315,0.014022498293221,1296.00000000011,1,-0.00534423509070193,1
"(wasm-bypass wasm) / (js-onnx wasm)","8192","Firefox","guitar-lstm",0.107735342540088,0.00151083188215803,1296.00000000011,1,-158.881147099181,0
"(wasm-bypass wasm) / (wasm-onnx wasm)","8192","Firefox","guitar-lstm",0.101205070608187,0.00141925429210019,1296.00000000011,1,-163.339991724024,0
"(wasm-bypass wasm) / (wasm-bypass js)","8192","Firefox","guitar-lstm",0.941532163472541,0.0132036226656284,1296.00000000011,1,-4.29611423219272,0.000130760145125383
"(wasm-bypass wasm) / (js-bypass js)","8192","Firefox","guitar-lstm",0.934802249711384,0.0131092453885455,1296.00000000011,1,-4.80764665860007,1.87624036534607e-05
"(wasm-bypass wasm) / (js-onnx js)","8192","Firefox","guitar-lstm",0.106902348677008,0.00149915035169355,1296.00000000011,1,-159.434637439309,0
"(wasm-bypass wasm) / (wasm-onnx js)","8192","Firefox","guitar-lstm",0.100470278330129,0.00140894989639977,1296.00000000011,1,-163.859611582056,0
"(js-bypass wasm) / (js-onnx wasm)","8192","Firefox","guitar-lstm",0.107743417083419,0.00151094511591412,1296.00000000011,1,-158.87580286409,0
"(js-bypass wasm) / (wasm-onnx wasm)","8192","Firefox","guitar-lstm",0.101212655721007,0.0014193606623034,1296.00000000011,1,-163.334647488933,0
"(js-bypass wasm) / (wasm-bypass js)","8192","Firefox","guitar-lstm",0.941602729380368,0.0132046122501123,1296.00000000011,1,-4.29076999710201,0.000130760145125383
"(js-bypass wasm) / (js-bypass js)","8192","Firefox","guitar-lstm",0.934872311225954,0.0131102278996457,1295.99999999998,1,-4.80230242350934,1.87624036534607e-05
"(js-bypass wasm) / (js-onnx js)","8192","Firefox","guitar-lstm",0.106910360789154,0.00149926270994285,1296.00000000011,1,-159.429293204217,0
"(js-bypass wasm) / (wasm-onnx js)","8192","Firefox","guitar-lstm",0.100477808371773,0.00140905549430963,1296.00000000011,1,-163.854267346965,0
"(js-onnx wasm) / (wasm-onnx wasm)","8192","Firefox","guitar-lstm",0.939385982557477,0.013173525591865,1296.00000000011,1,-4.45884462484299,8.05766196943142e-05
"(js-onnx wasm) / (wasm-bypass js)","8192","Firefox","guitar-lstm",8.73930635271523,0.12255609305475,1296.00000000011,1,154.585032866988,0
"(js-onnx wasm) / (js-bypass js)","8192","Firefox","guitar-lstm",8.67683925879336,0.121680082686586,1296.00000000011,1,154.07350044058,0
"(js-onnx wasm) / (js-onnx js)","8192","Firefox","guitar-lstm",0.992268146706173,0.0139151212252909,1296.00000000011,1,-0.55349034012766,1
"(js-onnx wasm) / (wasm-onnx js)","8192","Firefox","guitar-lstm",0.932565636877653,0.0130778801383168,1296.00000000011,1,-4.97846448287507,8.72657016653215e-06
"(wasm-onnx wasm) / (wasm-bypass js)","8192","Firefox","guitar-lstm",9.30321136890129,0.130464042821984,1296.00000000011,1,159.043877491831,0
"(wasm-onnx wasm) / (js-bypass js)","8192","Firefox","guitar-lstm",9.23671357663936,0.129531507757133,1296.00000000011,1,158.532345065424,0
"(wasm-onnx wasm) / (js-onnx js)","8192","Firefox","guitar-lstm",1.05629439349811,0.0148129964505186,1296.00000000011,1,3.90535428471533,0.000494679734387255
"(wasm-onnx wasm) / (wasm-onnx js)","8192","Firefox","guitar-lstm",0.992739570521102,0.0139217322603775,1296.00000000011,1,-0.519619858032067,1
"(wasm-bypass js) / (js-bypass js)","8192","Firefox","guitar-lstm",0.992852167963826,0.013923311276161,1296.00000000011,1,-0.511532426407364,1
"(wasm-bypass js) / (js-onnx js)","8192","Firefox","guitar-lstm",0.113540835697776,0.00159224550137981,1296.00000000011,1,-155.138523207116,0
"(wasm-bypass js) / (wasm-onnx js)","8192","Firefox","guitar-lstm",0.106709342737243,0.00149644372339157,1296.00000000011,1,-159.563497349864,0
"(js-bypass js) / (js-onnx js)","8192","Firefox","guitar-lstm",0.114358249255405,0.00160370854066345,1296.00000000011,1,-154.626990780708,0
"(js-bypass js) / (wasm-onnx js)","8192","Firefox","guitar-lstm",0.107477574386614,0.00150721705776252,1296.00000000011,1,-159.051964923456,0
"(js-onnx js) / (wasm-onnx js)","8192","Firefox","guitar-lstm",0.939832282204461,0.0131797842969451,1296.00000000011,1,-4.42497414274741,8.36384076201192e-05
"(wasm-bypass wasm) / (js-bypass wasm)","128","Safari","guitar-lstm",0.943397236582271,0.0132297776102382,1296.00000000048,1,-4.15499930192084,0.000277284202733919
"(wasm-bypass wasm) / (js-onnx wasm)","128","Safari","guitar-lstm",0.15086270559452,0.002115630582007,1296.00000000048,1,-134.872068149443,0
"(wasm-bypass wasm) / (wasm-onnx wasm)","128","Safari","guitar-lstm",0.160590688157852,0.00225205142459437,1296.00000000048,1,-130.416089966271,0
"(wasm-bypass wasm) / (wasm-bypass js)","128","Safari","guitar-lstm",0.954639402788242,0.0133874326817139,1296.00000000011,1,-3.31026031137432,0.00574638040110823
"(wasm-bypass wasm) / (js-bypass js)","128","Safari","guitar-lstm",0.880191388210513,0.0123434072826607,1296.0000000006,1,-9.10011483340706,3.97283652611943e-18
"(wasm-bypass wasm) / (js-onnx js)","128","Safari","guitar-lstm",0.156824215119664,0.00219923210444163,1296.0000000006,1,-132.108478153526,0
"(wasm-bypass wasm) / (wasm-onnx js)","128","Safari","guitar-lstm",0.158565844386968,0.00222365592824823,1296.0000000006,1,-131.320917194316,0
"(js-bypass wasm) / (js-onnx wasm)","128","Safari","guitar-lstm",0.159914296697607,0.00224256601563908,1295.99999999986,1,-130.717068847508,0
"(js-bypass wasm) / (wasm-onnx wasm)","128","Safari","guitar-lstm",0.170225947173259,0.00238717195394097,1295.99999999986,1,-126.261090664336,0
"(js-bypass wasm) / (wasm-bypass js)","128","Safari","guitar-lstm",1.01191668341822,0.0141906634475793,1295.99999999937,1,0.844738990546089,1
"(js-bypass wasm) / (js-bypass js)","128","Safari","guitar-lstm",0.933001872466005,0.0130839977095752,1295.99999999998,1,-4.94511553148557,8.60697936179698e-06
"(js-bypass wasm) / (js-onnx js)","128","Safari","guitar-lstm",0.166233490027812,0.00233118353453019,1295.99999999998,1,-127.953478851591,0
"(js-bypass wasm) / (wasm-onnx js)","128","Safari","guitar-lstm",0.168079615074365,0.00235707276004359,1295.99999999998,1,-127.165917892381,0
"(js-onnx wasm) / (wasm-onnx wasm)","128","Safari","guitar-lstm",1.06448235516522,0.0149278207342214,1295.99999999986,1,4.45597818317247,8.16444061718939e-05
"(js-onnx wasm) / (wasm-bypass js)","128","Safari","guitar-lstm",6.32786876667892,0.0887391793018569,1295.99999999937,1,131.561807838043,0
"(js-onnx wasm) / (js-bypass js)","128","Safari","guitar-lstm",5.83438686679953,0.0818188115745315,1295.99999999998,1,125.771953316026,0
"(js-onnx wasm) / (js-onnx js)","128","Safari","guitar-lstm",1.03951612495382,0.0145777055752456,1295.99999999998,1,2.76358999592134,0.0289893186594057
"(js-onnx wasm) / (wasm-onnx js)","128","Safari","guitar-lstm",1.05106059023727,0.0147395999527218,1295.99999999998,1,3.55115095513062,0.0027810573117161
"(wasm-onnx wasm) / (wasm-bypass js)","128","Safari","guitar-lstm",5.94455017123958,0.0833636920999817,1295.99999999937,1,127.105829654871,0
"(wasm-onnx wasm) / (js-bypass js)","128","Safari","guitar-lstm",5.48096155703207,0.0768625343365434,1295.99999999998,1,121.315975132854,0
"(wasm-onnx wasm) / (js-onnx js)","128","Safari","guitar-lstm",0.976546130529774,0.0136946427571202,1295.99999999998,1,-1.69238818725125,0.363249386283734
"(wasm-onnx wasm) / (wasm-onnx js)","128","Safari","guitar-lstm",0.987391275334133,0.0138467301794157,1295.99999999998,1,-0.904827228041969,1
"(wasm-bypass js) / (js-bypass js)","128","Safari","guitar-lstm",0.922014517355678,0.0129299159940511,1295.99999999949,1,-5.78985452203126,9.71150190960575e-08
"(wasm-bypass js) / (js-onnx js)","128","Safari","guitar-lstm",0.164275866533084,0.00230373070503763,1295.99999999949,1,-128.798217842126,0
"(wasm-bypass js) / (wasm-onnx js)","128","Safari","guitar-lstm",0.166100250967894,0.00232931505001151,1295.99999999949,1,-128.010656882917,0
"(js-bypass js) / (js-onnx js)","128","Safari","guitar-lstm",0.178170585647853,0.00249858398286877,1296.00000000011,1,-123.008363320108,0
"(js-bypass js) / (wasm-onnx js)","128","Safari","guitar-lstm",0.180149279475845,0.00252633229321778,1296.00000000011,1,-122.220802360899,0
"(js-onnx js) / (wasm-onnx js)","128","Safari","guitar-lstm",1.01110561443572,0.0141792893817556,1296.00000000011,1,0.787560959209301,1
"(wasm-bypass wasm) / (js-bypass wasm)","1024","Safari","guitar-lstm",1.0192974106325,0.0142941674391741,1295.99999999986,1,1.36296286398464,0.173130969742468
"(wasm-bypass wasm) / (js-onnx wasm)","1024","Safari","guitar-lstm",0.100083107534673,0.00140352038768131,1295.99999999986,1,-164.134936287611,0
"(wasm-bypass wasm) / (wasm-onnx wasm)","1024","Safari","guitar-lstm",0.109541781300519,0.0015361645650835,1295.99999999986,1,-157.695402110493,0
"(wasm-bypass wasm) / (wasm-bypass js)","1024","Safari","guitar-lstm",0.752221365213259,0.0105488133625399,1295.99999999974,1,-20.3033215503712,9.40722877877412e-79
"(wasm-bypass wasm) / (js-bypass js)","1024","Safari","guitar-lstm",0.817411542418544,0.0114630110232439,1295.99999999974,1,-14.3767161545805,1.21667992866753e-42
"(wasm-bypass wasm) / (js-onnx js)","1024","Safari","guitar-lstm",0.0973647991078262,0.00136540005557869,1295.99999999974,1,-166.098503129966,0
"(wasm-bypass wasm) / (wasm-onnx js)","1024","Safari","guitar-lstm",0.105397353188827,0.00147804497334297,1295.99999999974,1,-160.445669995358,0
"(js-bypass wasm) / (js-onnx wasm)","1024","Safari","guitar-lstm",0.098188327067925,0.00137694884048642,1296.00000000011,1,-165.497899151606,0
"(js-bypass wasm) / (wasm-onnx wasm)","1024","Safari","guitar-lstm",0.1074679285534,0.00150708178894537,1296.00000000011,1,-159.058364974487,0
"(js-bypass wasm) / (wasm-bypass js)","1024","Safari","guitar-lstm",0.737980257152315,0.0103491024822613,1296.00000000011,1,-21.6662844143572,5.25666261625579e-88
"(js-bypass wasm) / (js-bypass js)","1024","Safari","guitar-lstm",0.801936249314439,0.0112459924882279,1296.00000000011,1,-15.7396790185662,3.26253472381851e-50
"(js-bypass wasm) / (js-onnx js)","1024","Safari","guitar-lstm",0.0955214818483736,0.0013395502052059,1296.00000000011,1,-167.461465993961,0
"(js-bypass wasm) / (wasm-onnx js)","1024","Safari","guitar-lstm",0.103401963047689,0.00145006252142417,1296.00000000011,1,-161.808632859353,0
"(js-onnx wasm) / (wasm-onnx wasm)","1024","Safari","guitar-lstm",1.09450819422817,0.0153488895671152,1296.00000000011,1,6.4395341771187,1.17903951641442e-09
"(js-onnx wasm) / (wasm-bypass js)","1024","Safari","guitar-lstm",7.51596731698863,0.105400537836865,1296.00000000011,1,143.831614737249,0
"(js-onnx wasm) / (js-bypass js)","1024","Safari","guitar-lstm",8.16732775943594,0.11453492308152,1296.00000000011,1,149.758220133039,0
"(js-onnx wasm) / (js-onnx js)","1024","Safari","guitar-lstm",0.972839488163327,0.0136426624753391,1296.00000000011,1,-1.96356684235529,0.0995877547928797
"(js-onnx wasm) / (wasm-onnx js)","1024","Safari","guitar-lstm",1.05309832783033,0.0147681762662178,1296.00000000011,1,3.68926629225265,0.000936874114981375
"(wasm-onnx wasm) / (wasm-bypass js)","1024","Safari","guitar-lstm",6.86698131327264,0.0962994506507021,1296.00000000011,1,137.392080560131,0
"(wasm-onnx wasm) / (js-bypass js)","1024","Safari","guitar-lstm",7.46209832188182,0.104645103330896,1296.00000000011,1,143.318685955921,0
"(wasm-onnx wasm) / (js-onnx js)","1024","Safari","guitar-lstm",0.88883709897609,0.0124646508333906,1296.00000000011,1,-8.40310101947396,9.03647164898283e-16
"(wasm-onnx wasm) / (wasm-onnx js)","1024","Safari","guitar-lstm",0.962165777637649,0.0134929791700939,1296.00000000011,1,-2.75026788486602,0.0181124787576065
"(wasm-bypass js) / (js-bypass js)","1024","Safari","guitar-lstm",1.08666355440038,0.0152388798741357,1296.00000000011,1,5.92660539579093,2.37543150831606e-08
"(wasm-bypass js) / (js-onnx js)","1024","Safari","guitar-lstm",0.129436364892697,0.00181515723791161,1296.00000000011,1,-145.795181579604,0
"(wasm-bypass js) / (wasm-onnx js)","1024","Safari","guitar-lstm",0.140114809367248,0.00196490692992194,1296.00000000011,1,-140.142348444997,0
"(js-bypass js) / (js-onnx js)","1024","Safari","guitar-lstm",0.11911356037345,0.00167039488033003,1296.00000000011,1,-151.721786975394,0
"(js-bypass js) / (wasm-onnx js)","1024","Safari","guitar-lstm",0.128940377911693,0.00180820174005577,1296.00000000011,1,-146.068953840786,0
"(js-onnx js) / (wasm-onnx js)","1024","Safari","guitar-lstm",1.08249957022049,0.0151804860369098,1296.00000000011,1,5.65283313460791,9.69457928446989e-08
"(wasm-bypass wasm) / (js-bypass wasm)","8192","Safari","guitar-lstm",0.988585131355719,0.0138634722781332,1295.99999999974,1,-0.818659963931696,0.413130947177802
"(wasm-bypass wasm) / (js-onnx wasm)","8192","Safari","guitar-lstm",0.0896288399633121,0.00125691445151375,1295.99999999986,1,-172.001972758143,0
"(wasm-bypass wasm) / (wasm-onnx wasm)","8192","Safari","guitar-lstm",0.0973628163437833,0.00136537225018947,1295.99999999986,1,-166.099955293546,0
"(wasm-bypass wasm) / (wasm-bypass js)","8192","Safari","guitar-lstm",0.766808254580393,0.0107533733239953,1295.99999999974,1,-18.933759075466,8.92466806235542e-70
"(wasm-bypass wasm) / (js-bypass js)","8192","Safari","guitar-lstm",0.684294194880263,0.00959623334391066,1295.99999999974,1,-27.0521632985029,4.55522200240005e-127
"(wasm-bypass wasm) / (js-onnx js)","8192","Safari","guitar-lstm",0.0861950788547525,0.00120876093349253,1295.99999999986,1,-174.787576879789,0
"(wasm-bypass wasm) / (wasm-onnx js)","8192","Safari","guitar-lstm",0.0943230385457106,0.00132274377652685,1295.99999999974,1,-168.361786718089,0
"(js-bypass wasm) / (js-onnx wasm)","8192","Safari","guitar-lstm",0.0906637548153264,0.00127142763091123,1296.00000000011,1,-171.183312794222,0
"(js-bypass wasm) / (wasm-onnx wasm)","8192","Safari","guitar-lstm",0.0984870328873575,0.00138113775625672,1296.00000000011,1,-165.281295329624,0
"(js-bypass wasm) / (wasm-bypass js)","8192","Safari","guitar-lstm",0.775662338284224,0.0108775390028856,1296.00000000011,1,-18.1150991115354,1.33931155495578e-64
"(js-bypass wasm) / (js-bypass js)","8192","Safari","guitar-lstm",0.692195515768925,0.00970703790653825,1296.00000000011,1,-26.2335033345729,5.61559267320414e-121
"(js-bypass wasm) / (js-onnx js)","8192","Safari","guitar-lstm",0.0871903451921706,0.00122271809999286,1296.00000000011,1,-173.968916915867,0
"(js-bypass wasm) / (wasm-onnx js)","8192","Safari","guitar-lstm",0.0954121557709032,0.00133801706557411,1296.00000000011,1,-167.543126754167,0
"(js-onnx wasm) / (wasm-onnx wasm)","8192","Safari","guitar-lstm",1.08628892646203,0.0152336262607915,1296.00000000011,1,5.90201746459802,2.28941285197205e-08
"(js-onnx wasm) / (wasm-bypass js)","8192","Safari","guitar-lstm",8.55537408376893,0.119976709822378,1296.00000000011,1,153.068213682687,0
"(js-onnx wasm) / (js-bypass js)","8192","Safari","guitar-lstm",7.63475456293271,0.107066356630724,1296.00000000011,1,144.949809459648,0
"(js-onnx wasm) / (js-onnx js)","8192","Safari","guitar-lstm",0.961689104645723,0.0134862945229151,1296.00000000011,1,-2.78560412164572,0.0162619398600597
"(js-onnx wasm) / (wasm-onnx js)","8192","Safari","guitar-lstm",1.05237375139877,0.0147580151329439,1296.00000000011,1,3.64018604005427,0.00113266327525579
"(wasm-onnx wasm) / (wasm-bypass js)","8192","Safari","guitar-lstm",7.8757813647546,0.110446407856825,1296.00000000011,1,147.166196218089,0
"(wasm-onnx wasm) / (js-bypass js)","8192","Safari","guitar-lstm",7.02829088739641,0.098561583408046,1296.00000000011,1,139.047791995051,0
"(wasm-onnx wasm) / (js-onnx js)","8192","Safari","guitar-lstm",0.885297715201683,0.0124150161107129,1296.00000000011,1,-8.68762158624373,8.77206873452951e-17
"(wasm-onnx wasm) / (wasm-onnx js)","8192","Safari","guitar-lstm",0.968778863305069,0.0135857181026505,1296.00000000011,1,-2.26183142454373,0.0477458259803047
"(wasm-bypass js) / (js-bypass js)","8192","Safari","guitar-lstm",0.892392838487004,0.0125145149215448,1296.00000000011,1,-8.11840422303763,7.62241518143815e-15
"(wasm-bypass js) / (js-onnx js)","8192","Safari","guitar-lstm",0.112407604299877,0.00157635357505886,1296.00000000011,1,-155.853817804333,0
"(wasm-bypass js) / (wasm-onnx js)","8192","Safari","guitar-lstm",0.123007333296543,0.00172499939668827,1296.00000000011,1,-149.428027642633,0
"(js-bypass js) / (js-onnx js)","8192","Safari","guitar-lstm",0.125962019698026,0.00176643458696002,1296.00000000011,1,-147.735413581294,0
"(js-bypass js) / (wasm-onnx js)","8192","Safari","guitar-lstm",0.137839892916548,0.00193300452703421,1296.00000000011,1,-141.309623419594,0
"(js-onnx js) / (wasm-onnx js)","8192","Safari","guitar-lstm",1.09429725918175,0.0153459315091031,1295.99999999998,1,6.42579016169996,1.10318625185301e-09
"(wasm-bypass wasm) / (js-bypass wasm)","128","Chrome","steerable-nafx",0.946204844303848,0.0132691502353984,1296.00000000073,1,-3.94309565027006,0.000932121675774779
"(wasm-bypass wasm) / (js-onnx wasm)","128","Chrome","steerable-nafx",0.002999725660502,4.20668005388047e-05,1296.0000000006,1,-414.248514204199,0
"(wasm-bypass wasm) / (wasm-onnx wasm)","128","Chrome","steerable-nafx",0.00301359036664064,4.22612329281872e-05,1296.0000000006,1,-413.919685696348,0
"(wasm-bypass wasm) / (wasm-bypass js)","128","Chrome","steerable-nafx",0.957822102358517,0.0134320654258879,1296.00000000011,1,-3.072917875233,0.0194759031348846
"(wasm-bypass wasm) / (js-bypass js)","128","Chrome","steerable-nafx",0.913659568339505,0.0128127499550327,1296.00000000073,1,-6.43897196199524,2.02847743604498e-09
"(wasm-bypass wasm) / (js-onnx js)","128","Chrome","steerable-nafx",0.0029983421553203,4.20473988857493e-05,1296.00000000073,1,-414.281410081855,0
"(wasm-bypass wasm) / (wasm-onnx js)","128","Chrome","steerable-nafx",0.00301382524071907,4.22645266963926e-05,1296.00000000085,1,-413.914128240748,0
"(js-bypass wasm) / (js-onnx wasm)","128","Chrome","steerable-nafx",0.00317027087586831,4.44584497659801e-05,1295.99999999986,1,-410.305418553881,0
"(js-bypass wasm) / (wasm-onnx wasm)","128","Chrome","steerable-nafx",0.0031849238405219,4.46639363374693e-05,1295.99999999974,1,-409.97659004603,0
"(js-bypass wasm) / (wasm-bypass js)","128","Chrome","steerable-nafx",1.01227774104583,0.0141957267570025,1295.99999999949,1,0.87017777503663,1
"(js-bypass wasm) / (js-bypass js)","128","Chrome","steerable-nafx",0.965604407797882,0.0135412009695014,1295.99999999998,1,-2.49587631172481,0.101505225151014
"(js-bypass wasm) / (js-onnx js)","128","Chrome","steerable-nafx",0.00316880871343062,4.44379450590213e-05,1295.99999999998,1,-410.338314431537,0
"(js-bypass wasm) / (wasm-onnx js)","128","Chrome","steerable-nafx",0.00318517206803822,4.46674173682685e-05,1295.99999999998,1,-409.971032590431,0
"(js-onnx wasm) / (wasm-onnx wasm)","128","Chrome","steerable-nafx",1.00462199137781,0.0140883659744804,1295.99999999974,1,0.328828507850083,1
"(js-onnx wasm) / (wasm-bypass js)","128","Chrome","steerable-nafx",319.303233282415,4.4777646178623,1295.99999999949,1,411.175596328883,0
"(js-onnx wasm) / (js-bypass js)","128","Chrome","steerable-nafx",304.581042316585,4.27130724777344,1295.99999999998,1,407.809542242167,0
"(js-onnx wasm) / (js-onnx js)","128","Chrome","steerable-nafx",0.999538789430007,0.0140170814416134,1295.99999999998,1,-0.0328958776450031,1
"(js-onnx wasm) / (wasm-onnx js)","128","Chrome","steerable-nafx",1.00470028989741,0.0140894639976259,1295.99999999998,1,0.334385963461078,1
"(wasm-onnx wasm) / (wasm-bypass js)","128","Chrome","steerable-nafx",317.834206321225,4.45716364592138,1295.99999999937,1,410.846767821032,0
"(wasm-onnx wasm) / (js-bypass js)","128","Chrome","steerable-nafx",303.179748134779,4.25165612980009,1295.99999999998,1,407.480713734317,0
"(wasm-onnx wasm) / (js-onnx js)","128","Chrome","steerable-nafx",0.994940184475923,0.0139525926785551,1295.99999999998,1,-0.361724385495096,1
"(wasm-onnx wasm) / (wasm-onnx js)","128","Chrome","steerable-nafx",1.0000779382895,0.0140246422221981,1295.99999999998,1,0.00555745561098504,1
"(wasm-bypass js) / (js-bypass js)","128","Chrome","steerable-nafx",0.953892759511116,0.0133769620929455,1295.99999999961,1,-3.36605408676126,0.00784846469667353
"(wasm-bypass js) / (js-onnx js)","128","Chrome","steerable-nafx",0.00313037478247501,4.38989649353688e-05,1295.99999999961,1,-411.208492206538,0
"(wasm-bypass js) / (wasm-onnx js)","128","Chrome","steerable-nafx",0.00314653966879434,4.41256540148008e-05,1295.99999999961,1,-410.841210365433,0
"(js-bypass js) / (js-onnx js)","128","Chrome","steerable-nafx",0.00328168418437244,4.60208597849749e-05,1296.00000000011,1,-407.842438119823,0
"(js-bypass js) / (wasm-onnx js)","128","Chrome","steerable-nafx",0.00329863041460445,4.62585060792483e-05,1296.00000000011,1,-407.475156278717,0
"(js-onnx js) / (wasm-onnx js)","128","Chrome","steerable-nafx",1.00516388210441,0.0140959652057727,1296.00000000011,1,0.367281841106091,1
"(wasm-bypass wasm) / (js-bypass wasm)","1024","Chrome","steerable-nafx",0.944738987296727,0.0132485937174661,1295.99999999974,1,-4.05365236303929,0.000534256568958382
"(wasm-bypass wasm) / (js-onnx wasm)","1024","Chrome","steerable-nafx",0.00300494301266198,4.2139966333784e-05,1295.99999999974,1,-414.12459652706,0
"(wasm-bypass wasm) / (wasm-onnx wasm)","1024","Chrome","steerable-nafx",0.00301206163106819,4.22397946296009e-05,1295.99999999986,1,-413.955868347547,0
"(wasm-bypass wasm) / (wasm-bypass js)","1024","Chrome","steerable-nafx",0.942562818855925,0.0132180761121585,1295.99999999974,1,-4.21809839416054,0.000289845738224767
"(wasm-bypass wasm) / (js-bypass js)","1024","Chrome","steerable-nafx",0.910286703540992,0.0127654504194166,1295.99999999974,1,-6.70270190340895,3.65341098630121e-10
"(wasm-bypass wasm) / (js-onnx js)","1024","Chrome","steerable-nafx",0.00299643603888187,4.20206683680038e-05,1295.99999999986,1,-414.326757062278,0
"(wasm-bypass wasm) / (wasm-onnx js)","1024","Chrome","steerable-nafx",0.00301349771332279,4.22599335998265e-05,1295.99999999974,1,-413.921878125048,0
"(js-bypass wasm) / (js-onnx wasm)","1024","Chrome","steerable-nafx",0.00318071240106256,4.46048770087924e-05,1296.00000000011,1,-410.070944164044,0
"(js-bypass wasm) / (wasm-onnx wasm)","1024","Chrome","steerable-nafx",0.00318824741179243,4.47105446028677e-05,1296.00000000011,1,-409.902215984532,0
"(js-bypass wasm) / (wasm-bypass js)","1024","Chrome","steerable-nafx",0.997696540028449,0.0139912465663981,1296.00000000011,1,-0.164446031121244,1
"(js-bypass wasm) / (js-bypass js)","1024","Chrome","steerable-nafx",0.963532484401521,0.0135121452497084,1296.00000000011,1,-2.64904954036984,0.0735296422601701
"(js-bypass wasm) / (js-onnx js)","1024","Chrome","steerable-nafx",0.00317170782530725,4.44786008972056e-05,1296.00000000011,1,-410.273104699263,0
"(js-bypass wasm) / (wasm-onnx js)","1024","Chrome","steerable-nafx",0.00318976749540696,4.47318615703015e-05,1296.00000000011,1,-409.868225762033,0
"(js-onnx wasm) / (wasm-onnx wasm)","1024","Chrome","steerable-nafx",1.00236896951996,0.0140567706114931,1296.00000000011,1,0.168728179511616,1
"(js-onnx wasm) / (wasm-bypass js)","1024","Chrome","steerable-nafx",313.670780072777,4.39877763287375,1296.00000000011,1,409.906498132924,0
"(js-onnx wasm) / (js-bypass js)","1024","Chrome","steerable-nafx",302.929772613091,4.24815058576015,1296.00000000011,1,407.421894623672,0
"(js-onnx wasm) / (js-onnx js)","1024","Chrome","steerable-nafx",0.997169006618673,0.0139838486756448,1296.00000000011,1,-0.202160535219144,1
"(js-onnx wasm) / (wasm-onnx js)","1024","Chrome","steerable-nafx",1.00284687617195,0.0140634725589645,1296.00000000011,1,0.202718402010075,1
"(wasm-onnx wasm) / (wasm-bypass js)","1024","Chrome","steerable-nafx",312.929459720801,4.38838169040723,1296.00000000011,1,409.737769953413,0
"(wasm-onnx wasm) / (js-bypass js)","1024","Chrome","steerable-nafx",302.21383724415,4.23811063085344,1296.00000000011,1,407.25316644416,0
"(wasm-onnx wasm) / (js-onnx js)","1024","Chrome","steerable-nafx",0.994812326539024,0.0139507996564796,1296.00000000011,1,-0.37088871473076,1
"(wasm-onnx wasm) / (wasm-onnx js)","1024","Chrome","steerable-nafx",1.00047677718138,0.0140302353590411,1296.00000000011,1,0.0339902224984591,1
"(wasm-bypass js) / (js-bypass js)","1024","Chrome","steerable-nafx",0.965757067147939,0.0135433417954152,1296.00000000011,1,-2.48460350924861,0.104760374207876
"(wasm-bypass js) / (js-onnx js)","1024","Chrome","steerable-nafx",0.00317903059503124,4.45812921190818e-05,1296.00000000011,1,-410.108658668143,0
"(wasm-bypass js) / (wasm-onnx js)","1024","Chrome","steerable-nafx",0.00319713196090267,4.48351375148859e-05,1296.00000000011,1,-409.703779730913,0
"(js-bypass js) / (js-onnx js)","1024","Chrome","steerable-nafx",0.00329174976106518,4.61620148954634e-05,1296.00000000011,1,-407.624055158892,0
"(js-bypass js) / (wasm-onnx js)","1024","Chrome","steerable-nafx",0.00331049294865053,4.64248609096827e-05,1296.00000000011,1,-407.219176221662,0
"(js-onnx js) / (wasm-onnx js)","1024","Chrome","steerable-nafx",1.00569398919901,0.014103399188722,1296.00000000011,1,0.404878937229218,1
"(wasm-bypass wasm) / (js-bypass wasm)","8192","Chrome","steerable-nafx",0.942268012320689,0.0132139418781923,1295.99999999974,1,-4.24040516905351,0.000286738588882221
"(wasm-bypass wasm) / (js-onnx wasm)","8192","Chrome","steerable-nafx",0.00514602165570298,7.21654881342139e-05,1295.99999999986,1,-375.763029932489,0
"(wasm-bypass wasm) / (wasm-onnx wasm)","8192","Chrome","steerable-nafx",0.00514349186837523,7.21300115370292e-05,1295.99999999986,1,-375.798093914172,0
"(wasm-bypass wasm) / (wasm-bypass js)","8192","Chrome","steerable-nafx",0.992402692921522,0.013917008040769,1295.99999999986,1,-0.543821930336315,1
"(wasm-bypass wasm) / (js-bypass js)","8192","Chrome","steerable-nafx",0.945000832647767,0.0132522657186426,1295.99999999974,1,-4.03389109051548,0.000638715134401065
"(wasm-bypass wasm) / (js-onnx js)","8192","Chrome","steerable-nafx",0.00515002347832635,7.22216078908657e-05,1295.99999999974,1,-375.707598070015,0
"(wasm-bypass wasm) / (wasm-onnx js)","8192","Chrome","steerable-nafx",0.00513870969587341,7.20629485054246e-05,1295.99999999974,1,-375.864424099019,0
"(js-bypass wasm) / (js-onnx wasm)","8192","Chrome","steerable-nafx",0.00546131417857321,7.65870083570755e-05,1296.00000000011,1,-371.522624763458,0
"(js-bypass wasm) / (wasm-onnx wasm)","8192","Chrome","steerable-nafx",0.0054586293932524,7.65493581379014e-05,1296.00000000011,1,-371.557688745141,0
"(js-bypass wasm) / (wasm-bypass js)","8192","Chrome","steerable-nafx",1.05320639132953,0.014769691700021,1296.00000000011,1,3.69658323871744,0.00227641793190536
"(js-bypass wasm) / (js-bypass js)","8192","Chrome","steerable-nafx",1.00290025798535,0.0140642211614539,1296.00000000011,1,0.206514078538035,1
"(js-bypass wasm) / (js-onnx js)","8192","Chrome","steerable-nafx",0.00546556118958393,7.66465665251529e-05,1296.00000000011,1,-371.467192900984,0
"(js-bypass wasm) / (wasm-onnx js)","8192","Chrome","steerable-nafx",0.00545355422096672,7.64781862093973e-05,1296.00000000011,1,-371.624018929987,0
"(js-onnx wasm) / (wasm-onnx wasm)","8192","Chrome","steerable-nafx",0.999508399401129,0.0140166552655464,1296.00000000011,1,-0.0350639816832225,1
"(js-onnx wasm) / (wasm-bypass js)","8192","Chrome","steerable-nafx",192.848526360497,2.7044208073522,1296.00000000011,1,375.219208002177,0
"(js-onnx wasm) / (js-bypass js)","8192","Chrome","steerable-nafx",183.637165926126,2.57524484063436,1296.00000000011,1,371.729138841995,0
"(js-onnx wasm) / (js-onnx js)","8192","Chrome","steerable-nafx",1.0007776536694,0.0140344547152893,1296.00000000011,1,0.0554318624733216,1
"(js-onnx wasm) / (wasm-onnx js)","8192","Chrome","steerable-nafx",0.998579104341417,0.0140036232505081,1296.00000000011,1,-0.101394166530202,1
"(wasm-onnx wasm) / (wasm-bypass js)","8192","Chrome","steerable-nafx",192.943377440394,2.70575095614264,1296.00000000011,1,375.25427198386,0
"(wasm-onnx wasm) / (js-bypass js)","8192","Chrome","steerable-nafx",183.727486468503,2.57651145520874,1296.00000000011,1,371.764202823678,0
"(wasm-onnx wasm) / (js-onnx js)","8192","Chrome","steerable-nafx",1.00126987854132,0.0140413574550231,1296.00000000011,1,0.0904958441565441,1
"(wasm-onnx wasm) / (wasm-onnx js)","8192","Chrome","steerable-nafx",0.999070247873587,0.0140105108260206,1296.00000000011,1,-0.066330184846979,1
"(wasm-bypass js) / (js-bypass js)","8192","Chrome","steerable-nafx",0.952235256300837,0.0133537180150414,1296.00000000011,1,-3.49006916017939,0.00449189719992106
"(wasm-bypass js) / (js-onnx js)","8192","Chrome","steerable-nafx",0.00518944931836618,7.27744981004121e-05,1296.00000000011,1,-375.163776139702,0
"(wasm-bypass js) / (wasm-onnx js)","8192","Chrome","steerable-nafx",0.00517804892361349,7.26146241031199e-05,1296.00000000011,1,-375.320602168705,0
"(js-bypass js) / (js-onnx js)","8192","Chrome","steerable-nafx",0.005449755492698,7.64249145564308e-05,1296.00000000011,1,-371.673706979521,0
"(js-bypass js) / (wasm-onnx js)","8192","Chrome","steerable-nafx",0.0054377832466829,7.62570211747961e-05,1296.00000000011,1,-371.830533008524,0
"(js-onnx js) / (wasm-onnx js)","8192","Chrome","steerable-nafx",0.997803159053439,0.0139927417435463,1296.00000000011,1,-0.156826029003523,1
"(wasm-bypass wasm) / (js-bypass wasm)","128","Firefox","steerable-nafx",0.990526364624241,0.0138906952584822,1295.99999999961,1,-0.678772223576443,1
"(wasm-bypass wasm) / (js-onnx wasm)","128","Firefox","steerable-nafx",0.00638795086878279,8.95817436197972e-05,1295.99999999961,1,-360.346845828597,0
"(wasm-bypass wasm) / (wasm-onnx wasm)","128","Firefox","steerable-nafx",0.00639244919281769,8.96448260884463e-05,1295.99999999949,1,-360.296648759848,0
"(wasm-bypass wasm) / (wasm-bypass js)","128","Firefox","steerable-nafx",0.991938903677372,0.0139105040694627,1295.99999999949,1,-0.577155075660782,1
"(wasm-bypass wasm) / (js-bypass js)","128","Firefox","steerable-nafx",0.985077528669638,0.0138142832391136,1295.99999999949,1,-1.07212028348482,1
"(wasm-bypass wasm) / (js-onnx js)","128","Firefox","steerable-nafx",0.00640759599597208,8.98572380284739e-05,1295.99999999961,1,-360.127884012779,0
"(wasm-bypass wasm) / (wasm-onnx js)","128","Firefox","steerable-nafx",0.00639313874693364,8.96544960845527e-05,1295.99999999949,1,-360.28895710649,0
"(js-bypass wasm) / (js-onnx wasm)","128","Firefox","steerable-nafx",0.00644904678655987,9.04385252317542e-05,1296.00000000011,1,-359.66807360506,0
"(js-bypass wasm) / (wasm-onnx wasm)","128","Firefox","steerable-nafx",0.00645358813366132,9.05022110364961e-05,1296.00000000011,1,-359.617876536311,0
"(js-bypass wasm) / (wasm-bypass js)","128","Firefox","steerable-nafx",1.00142604892063,0.0140435475180291,1295.99999999998,1,0.10161714791566,1
"(js-bypass wasm) / (js-bypass js)","128","Firefox","steerable-nafx",0.994499050051364,0.0139464064082257,1296.00000000011,1,-0.393348059908421,1
"(js-bypass wasm) / (js-onnx js)","128","Firefox","steerable-nafx",0.00646887980452981,9.0716654536047e-05,1296.00000000011,1,-359.449111789243,0
"(js-bypass wasm) / (wasm-onnx js)","128","Firefox","steerable-nafx",0.00645428428284076,9.05119735188002e-05,1296.00000000011,1,-359.610184882953,0
"(js-onnx wasm) / (wasm-onnx wasm)","128","Firefox","steerable-nafx",1.00070418889051,0.0140334244783442,1296.00000000011,1,0.050197068749095,1
"(js-onnx wasm) / (wasm-bypass js)","128","Firefox","steerable-nafx",155.282801019161,2.17761600788764,1295.99999999998,1,359.769690752969,0
"(js-onnx wasm) / (js-bypass js)","128","Firefox","steerable-nafx",154.208688968414,2.16255314464313,1296.00000000011,1,359.274725545151,0
"(js-onnx wasm) / (js-onnx js)","128","Firefox","steerable-nafx",1.00307534099633,0.0140666764466813,1296.00000000011,1,0.218961815816555,1
"(js-onnx wasm) / (wasm-onnx js)","128","Firefox","steerable-nafx",1.00081213494866,0.0140349382652071,1296.00000000011,1,0.0578887221056824,1
"(wasm-onnx wasm) / (wasm-bypass js)","128","Firefox","steerable-nafx",155.173529543555,2.17608363396778,1295.99999999998,1,359.71949368422,0
"(wasm-onnx wasm) / (js-bypass js)","128","Firefox","steerable-nafx",154.100173338324,2.16103137036008,1296.00000000011,1,359.224528476402,0
"(wasm-onnx wasm) / (js-onnx js)","128","Firefox","steerable-nafx",1.00236948354183,0.0140567778199042,1296.00000000011,1,0.16876474706746,1
"(wasm-onnx wasm) / (wasm-onnx js)","128","Firefox","steerable-nafx",1.00010787009723,0.0140250619723775,1296.00000000011,1,0.00769165335658756,1
"(wasm-bypass js) / (js-bypass js)","128","Firefox","steerable-nafx",0.993082865303199,0.0139265464716619,1295.99999999998,1,-0.494965207824073,1
"(wasm-bypass js) / (js-onnx js)","128","Firefox","steerable-nafx",0.00645966800194798,9.05874723688544e-05,1295.99999999998,1,-359.550728937151,0
"(wasm-bypass js) / (wasm-onnx js)","128","Firefox","steerable-nafx",0.00644509326454747,9.03830828211015e-05,1295.99999999998,1,-359.711802030862,0
"(js-bypass js) / (js-onnx js)","128","Firefox","steerable-nafx",0.00650466162254827,9.12184426233107e-05,1296.00000000011,1,-359.055763729333,0
"(js-bypass js) / (wasm-onnx js)","128","Firefox","steerable-nafx",0.00648998536751484,9.10126294380328e-05,1296.00000000011,1,-359.216836823044,0
"(js-onnx js) / (wasm-onnx js)","128","Firefox","steerable-nafx",0.997743732743522,0.0139919083757623,1296.00000000011,1,-0.161073093710872,1
"(wasm-bypass wasm) / (js-bypass wasm)","1024","Firefox","steerable-nafx",0.991743724189308,0.0139077669602973,1296.00000000011,1,-0.591187542918402,1
"(wasm-bypass wasm) / (js-onnx wasm)","1024","Firefox","steerable-nafx",0.00605480064219071,8.49097950092727e-05,1296.00000000011,1,-364.166284561475,0
"(wasm-bypass wasm) / (wasm-onnx wasm)","1024","Firefox","steerable-nafx",0.00599677565918539,8.40960788023232e-05,1296.00000000011,1,-364.852952191095,0
"(wasm-bypass wasm) / (wasm-bypass js)","1024","Firefox","steerable-nafx",0.997696626968503,0.0139912477856063,1296.00000000011,1,-0.16443981723245,1
"(wasm-bypass wasm) / (js-bypass js)","1024","Firefox","steerable-nafx",0.971670797116565,0.0136262732788859,1296.00000000011,1,-2.0492827792012,0.487625241326765
"(wasm-bypass wasm) / (js-onnx js)","1024","Firefox","steerable-nafx",0.00605504016789842,8.49131540098313e-05,1296.00000000011,1,-364.163463674085,0
"(wasm-bypass wasm) / (wasm-onnx js)","1024","Firefox","steerable-nafx",0.0059808995193001,8.38734389727302e-05,1296.00000000011,1,-365.041988266129,0
"(js-bypass wasm) / (js-onnx wasm)","1024","Firefox","steerable-nafx",0.00610520691435699,8.56166698495444e-05,1296.00000000011,1,-363.575097018552,0
"(js-bypass wasm) / (wasm-onnx wasm)","1024","Firefox","steerable-nafx",0.00604669887282362,8.47961794475358e-05,1296.00000000011,1,-364.261764648173,0
"(js-bypass wasm) / (wasm-bypass js)","1024","Firefox","steerable-nafx",1.00600246075069,0.0141077250547195,1296.00000000011,1,0.426747725685953,1
"(js-bypass wasm) / (js-bypass js)","1024","Firefox","steerable-nafx",0.979759965621006,0.0137397121318056,1295.99999999998,1,-1.45809523628279,1
"(js-bypass wasm) / (js-onnx js)","1024","Firefox","steerable-nafx",0.00610544843411846,8.56200568138146e-05,1295.99999999998,1,-363.572276131161,0
"(js-bypass wasm) / (wasm-onnx js)","1024","Firefox","steerable-nafx",0.0060306905639248,8.45716861392721e-05,1295.99999999998,1,-364.450800723207,0
"(js-onnx wasm) / (wasm-onnx wasm)","1024","Firefox","steerable-nafx",0.990416698016281,0.0138891573434029,1296.00000000011,1,-0.686667629620847,1
"(js-onnx wasm) / (wasm-bypass js)","1024","Firefox","steerable-nafx",164.777783105923,2.31076935681636,1296.00000000011,1,364.001844744242,0
"(js-onnx wasm) / (js-bypass js)","1024","Firefox","steerable-nafx",160.479403788429,2.25049082275908,1295.99999999998,1,362.11700178227,0
"(js-onnx wasm) / (js-onnx js)","1024","Firefox","steerable-nafx",1.00003955963571,0.0140241040172562,1296.00000000011,1,0.00282088739032814,1
"(js-onnx wasm) / (wasm-onnx js)","1024","Firefox","steerable-nafx",0.987794623265437,0.0138523865489953,1295.99999999998,1,-0.875703704655676,1
"(wasm-onnx wasm) / (wasm-bypass js)","1024","Firefox","steerable-nafx",166.372177928702,2.33312843113876,1296.00000000011,1,364.688512373862,0
"(wasm-onnx wasm) / (js-bypass js)","1024","Firefox","steerable-nafx",162.032207362675,2.27226664015926,1295.99999999998,1,362.80366941189,0
"(wasm-onnx wasm) / (js-onnx js)","1024","Firefox","steerable-nafx",1.00971597272007,0.0141598016727154,1295.99999999998,1,0.689488517011173,1
"(wasm-onnx wasm) / (wasm-onnx js)","1024","Firefox","steerable-nafx",0.997352553974406,0.0139864226610279,1295.99999999998,1,-0.189036075034831,1
"(wasm-bypass js) / (js-bypass js)","1024","Firefox","steerable-nafx",0.973914084553922,0.0136577321307473,1296.00000000011,1,-1.88484296196875,0.656420923945024
"(wasm-bypass js) / (js-onnx js)","1024","Firefox","steerable-nafx",0.00606901938347395,8.51091922279422e-05,1296.00000000011,1,-363.999023856851,0
"(wasm-bypass js) / (wasm-onnx js)","1024","Firefox","steerable-nafx",0.00599470756704173,8.40670768102918e-05,1296.00000000011,1,-364.877548448897,0
"(js-bypass js) / (js-onnx js)","1024","Firefox","steerable-nafx",0.00623157574135886,8.7388809318766e-05,1295.99999999998,1,-362.114180894877,0
"(js-bypass js) / (wasm-onnx js)","1024","Firefox","steerable-nafx",0.0061552735114078,8.63187812391044e-05,1295.99999999998,1,-362.992705486924,0
"(js-onnx js) / (wasm-onnx js)","1024","Firefox","steerable-nafx",0.987755548015786,0.0138518385753074,1295.99999999998,1,-0.878524592046001,1
"(wasm-bypass wasm) / (js-bypass wasm)","8192","Firefox","steerable-nafx",0.88334261847835,0.0123875987155232,1296.00000000011,1,-8.84527411871919,3.51071072006203e-17
"(wasm-bypass wasm) / (js-onnx wasm)","8192","Firefox","steerable-nafx",0.00702391370521081,9.85001997780865e-05,1296.00000000011,1,-353.579156015869,0
"(wasm-bypass wasm) / (wasm-onnx wasm)","8192","Firefox","steerable-nafx",0.00676996378518413,9.49389205673668e-05,1296.00000000011,1,-356.205084180878,0
"(wasm-bypass wasm) / (wasm-bypass js)","8192","Firefox","steerable-nafx",0.957888646360197,0.0134329986089725,1296.00000000011,1,-3.06796393195416,0.0175993612114831
"(wasm-bypass wasm) / (js-bypass js)","8192","Firefox","steerable-nafx",0.938840151976392,0.0131658711098285,1296.00000000011,1,-4.50029057006587,7.3949250878271e-05
"(wasm-bypass wasm) / (js-onnx js)","8192","Firefox","steerable-nafx",0.00702072336031715,9.84554598193432e-05,1296.00000000011,1,-353.61155259645,0
"(wasm-bypass wasm) / (wasm-onnx js)","8192","Firefox","steerable-nafx",0.00677464019544505,9.50045004369769e-05,1296.00000000011,1,-356.155844144853,0
"(js-bypass wasm) / (js-onnx wasm)","8192","Firefox","steerable-nafx",0.00795151683874399,0.000111508488006346,1296.00000000011,1,-344.733881897147,0
"(js-bypass wasm) / (wasm-onnx wasm)","8192","Firefox","steerable-nafx",0.00766402938516212,0.000107476893542066,1296.00000000011,1,-347.359810062156,0
"(js-bypass wasm) / (wasm-bypass js)","8192","Firefox","steerable-nafx",1.08439084260449,0.0152070083883333,1296.00000000011,1,5.77731018676502,1.04441034305649e-07
"(js-bypass wasm) / (js-bypass js)","8192","Firefox","steerable-nafx",1.06282673601059,0.0149046030774652,1296.00000000011,1,4.3449835486533,0.000135146313721842
"(js-bypass wasm) / (js-onnx js)","8192","Firefox","steerable-nafx",0.00794790516550767,0.000111457839528838,1296.00000000011,1,-344.76627847773,0
"(js-bypass wasm) / (wasm-onnx js)","8192","Firefox","steerable-nafx",0.00766932337886636,0.00010755113412351,1296.00000000011,1,-347.310570026131,0
"(js-onnx wasm) / (wasm-onnx wasm)","8192","Firefox","steerable-nafx",0.963844954439249,0.0135165271886719,1296.00000000011,1,-2.62592816500976,0.0612016262628015
"(js-onnx wasm) / (wasm-bypass js)","8192","Firefox","steerable-nafx",136.375343798653,1.91246635034925,1296.00000000011,1,350.511192083913,0
"(js-onnx wasm) / (js-bypass js)","8192","Firefox","steerable-nafx",133.663394993008,1.87443520270775,1296.00000000011,1,349.078865445802,0
"(js-onnx wasm) / (js-onnx js)","8192","Firefox","steerable-nafx",0.999545788142116,0.0140171795883971,1296.00000000011,1,-0.0323965805811875,1
"(js-onnx wasm) / (wasm-onnx js)","8192","Firefox","steerable-nafx",0.964510738567184,0.0135258638451803,1296.00000000011,1,-2.57668812898218,0.0612016262628015
"(wasm-onnx wasm) / (wasm-bypass js)","8192","Firefox","steerable-nafx",141.490955750237,1.98420538650005,1296.00000000011,1,353.137120248923,0
"(wasm-onnx wasm) / (js-bypass js)","8192","Firefox","steerable-nafx",138.677278308492,1.94474764231999,1296.00000000011,1,351.704793610812,0
"(wasm-onnx wasm) / (js-onnx js)","8192","Firefox","steerable-nafx",1.03704001721277,0.0145429817563885,1295.99999999998,1,2.59353158442858,0.0612016262628015
"(wasm-onnx wasm) / (wasm-onnx js)","8192","Firefox","steerable-nafx",1.00069075853421,0.0140332361370813,1296.00000000011,1,0.0492400360276049,1
"(wasm-bypass js) / (js-bypass js)","8192","Firefox","steerable-nafx",0.980114082721217,0.0137446781104009,1296.00000000011,1,-1.43232663811171,0.456874512724957
"(wasm-bypass js) / (js-onnx js)","8192","Firefox","steerable-nafx",0.00732937318653335,0.000102783825858524,1296.00000000011,1,-350.543588664495,0
"(wasm-bypass js) / (wasm-onnx js)","8192","Firefox","steerable-nafx",0.00707247154581845,9.91811530473581e-05,1296.00000000011,1,-353.087880212896,0
"(js-bypass js) / (js-onnx js)","8192","Firefox","steerable-nafx",0.00747808170063618,0.000104869247030051,1296.00000000011,1,-349.111262026384,0
"(js-bypass js) / (wasm-onnx js)","8192","Firefox","steerable-nafx",0.00721596768223372,0.00010119347818367,1296.00000000011,1,-351.655553574787,0
"(js-onnx js) / (wasm-onnx js)","8192","Firefox","steerable-nafx",0.9649490298588,0.0135320102446944,1296.00000000011,1,-2.54429154840099,0.0612016262628015
"(wasm-bypass wasm) / (js-bypass wasm)","128","Safari","steerable-nafx",1.0005608978232,0.0140314150290062,1295.99999999949,1,0.0399856390694808,1
"(wasm-bypass wasm) / (js-onnx wasm)","128","Safari","steerable-nafx",0.00669380585780277,9.38709161219092e-05,1295.99999999949,1,-357.011808459449,0
"(wasm-bypass wasm) / (wasm-onnx wasm)","128","Safari","steerable-nafx",0.0066725915398508,9.35734160892884e-05,1295.99999999949,1,-357.238161910788,0
"(wasm-bypass wasm) / (wasm-bypass js)","128","Safari","steerable-nafx",1.0074935333707,0.0141286351850445,1295.99999999949,1,0.532361401096768,1
"(wasm-bypass wasm) / (js-bypass js)","128","Safari","steerable-nafx",0.964308826541598,0.0135230323219467,1295.99999999949,1,-2.59161753867578,0.0965994095164299
"(wasm-bypass wasm) / (js-onnx js)","128","Safari","steerable-nafx",0.00671305610431402,9.41408729019492e-05,1295.99999999949,1,-356.807031303288,0
"(wasm-bypass wasm) / (wasm-onnx js)","128","Safari","steerable-nafx",0.00666079353210157,9.34079661465565e-05,1295.99999999949,1,-357.364356408735,0
"(js-bypass wasm) / (js-onnx wasm)","128","Safari","steerable-nafx",0.00669005342140161,9.38182936452163e-05,1296.00000000011,1,-357.05179409856,0
"(js-bypass wasm) / (wasm-onnx wasm)","128","Safari","steerable-nafx",0.00666885099584397,9.35209603861733e-05,1296.00000000011,1,-357.278147549899,0
"(js-bypass wasm) / (wasm-bypass js)","128","Safari","steerable-nafx",1.00692874922714,0.0141207149067896,1295.99999999998,1,0.492375762027344,1
"(js-bypass wasm) / (js-bypass js)","128","Safari","steerable-nafx",0.963768251027526,0.0135154515345999,1296.00000000011,1,-2.63160317774555,0.0945910069093886
"(js-bypass wasm) / (js-onnx js)","128","Safari","steerable-nafx",0.00670929287654435,9.40880990919685e-05,1296.00000000011,1,-356.847016942398,0
"(js-bypass wasm) / (wasm-onnx js)","128","Safari","steerable-nafx",0.00665705960186195,9.33556031919319e-05,1296.00000000011,1,-357.404342047844,0
"(js-onnx wasm) / (wasm-onnx wasm)","128","Safari","steerable-nafx",0.996830753923458,0.0139791051723142,1296.00000000011,1,-0.226353451339449,1
"(js-onnx wasm) / (wasm-bypass js)","128","Safari","steerable-nafx",150.511316696808,2.11070286249392,1295.99999999998,1,357.544169860579,0
"(js-onnx wasm) / (js-bypass js)","128","Safari","steerable-nafx",144.059873714074,2.02023073408707,1296.00000000011,1,354.420190920812,0
"(js-onnx wasm) / (js-onnx js)","128","Safari","steerable-nafx",1.0028758298224,0.0140638785919077,1296.00000000011,1,0.204777156160333,1
"(js-onnx wasm) / (wasm-onnx js)","128","Safari","steerable-nafx",0.995068227791111,0.0139543883002915,1296.00000000011,1,-0.352547949286348,1
"(wasm-onnx wasm) / (wasm-bypass js)","128","Safari","steerable-nafx",150.989840656907,2.11741346681603,1295.99999999998,1,357.770523311919,0
"(wasm-onnx wasm) / (js-bypass js)","128","Safari","steerable-nafx",144.517886458724,2.02665369836913,1296.00000000011,1,354.646544372153,0
"(wasm-onnx wasm) / (js-onnx js)","128","Safari","steerable-nafx",1.00606429514253,0.0141085921923588,1296.00000000011,1,0.431130607499781,1
"(wasm-onnx wasm) / (wasm-onnx js)","128","Safari","steerable-nafx",0.998231870229315,0.0139987537958355,1296.00000000011,1,-0.1261944979469,1
"(wasm-bypass js) / (js-bypass js)","128","Safari","steerable-nafx",0.957136492296261,0.0134224507394131,1295.99999999998,1,-3.12397893977285,0.0218855009412429
"(wasm-bypass js) / (js-onnx js)","128","Safari","steerable-nafx",0.00666312574915952,9.34406721073234e-05,1295.99999999998,1,-357.339392704418,0
"(wasm-bypass js) / (wasm-onnx js)","128","Safari","steerable-nafx",0.00661125189540127,9.27132165643182e-05,1295.99999999998,1,-357.896717809864,0
"(js-bypass js) / (js-onnx js)","128","Safari","steerable-nafx",0.00696152095629961,9.76252319908405e-05,1296.00000000011,1,-354.215413764651,0
"(js-bypass js) / (wasm-onnx js)","128","Safari","steerable-nafx",0.00690732403227073,9.68651987574821e-05,1296.00000000011,1,-354.772738870098,0
"(js-onnx js) / (wasm-onnx js)","128","Safari","steerable-nafx",0.992214786916667,0.0139143729316547,1296.00000000011,1,-0.557325105446678,1
"(wasm-bypass wasm) / (js-bypass wasm)","1024","Safari","steerable-nafx",0.89683551655523,0.0125768170362398,1296.00000000011,1,-7.76428295072225,1.98929967521584e-13
"(wasm-bypass wasm) / (js-onnx wasm)","1024","Safari","steerable-nafx",0.00644748879042704,9.04166765962532e-05,1296.00000000011,1,-359.68530281522,0
"(wasm-bypass wasm) / (wasm-onnx wasm)","1024","Safari","steerable-nafx",0.00637479914526431,8.93973097772937e-05,1296.00000000011,1,-360.493809709873,0
"(wasm-bypass wasm) / (wasm-bypass js)","1024","Safari","steerable-nafx",0.964618281937823,0.013527371984935,1296.00000000011,1,-2.56873762935061,0.0825448328263468
"(wasm-bypass wasm) / (js-bypass js)","1024","Safari","steerable-nafx",0.910496833405899,0.0127683971859253,1296.00000000011,1,-6.68624297649108,3.73380659548534e-10
"(wasm-bypass wasm) / (js-onnx js)","1024","Safari","steerable-nafx",0.00644993133735026,9.04509297733278e-05,1296.00000000023,1,-359.65829359006,0
"(wasm-bypass wasm) / (wasm-onnx js)","1024","Safari","steerable-nafx",0.00636822484517132,8.93051147561511e-05,1296.00000000011,1,-360.567387902146,0
"(js-bypass wasm) / (js-onnx wasm)","1024","Safari","steerable-nafx",0.00718915416640949,0.000100817457523925,1296.00000000011,1,-351.921019864495,0
"(js-bypass wasm) / (wasm-onnx wasm)","1024","Safari","steerable-nafx",0.00710810291027511,9.96808312416885e-05,1296.00000000011,1,-352.729526759148,0
"(js-bypass wasm) / (wasm-bypass js)","1024","Safari","steerable-nafx",1.07557992979911,0.0150834481186629,1296.00000000011,1,5.19554532137164,2.36869041391713e-06
"(js-bypass wasm) / (js-bypass js)","1024","Safari","steerable-nafx",1.01523280088543,0.0142371671842002,1296.00000000011,1,1.07803997423118,1
"(js-bypass wasm) / (js-onnx js)","1024","Safari","steerable-nafx",0.00719187768357417,0.000100855650901019,1296.00000000011,1,-351.894010639334,0
"(js-bypass wasm) / (wasm-onnx js)","1024","Safari","steerable-nafx",0.00710077235749076,9.95780308736827e-05,1296.00000000011,1,-352.803104951421,0
"(js-onnx wasm) / (wasm-onnx wasm)","1024","Safari","steerable-nafx",0.988725898171292,0.0138654463285035,1296.00000000011,1,-0.808506894653598,1
"(js-onnx wasm) / (wasm-bypass js)","1024","Safari","steerable-nafx",149.611470960608,2.0980838314942,1296.00000000011,1,357.116565185867,0
"(js-onnx wasm) / (js-bypass js)","1024","Safari","steerable-nafx",141.217280557008,1.98036748894908,1296.00000000011,1,352.999059838727,0
"(js-onnx wasm) / (js-onnx js)","1024","Safari","steerable-nafx",1.00037883693987,0.0140288618892408,1296.00000000011,1,0.0270092251614357,1
"(js-onnx wasm) / (wasm-onnx js)","1024","Safari","steerable-nafx",0.987706229846664,0.0138511469595338,1296.00000000011,1,-0.882085086929855,1
"(wasm-onnx wasm) / (wasm-bypass js)","1024","Safari","steerable-nafx",151.317439178365,2.12200756081613,1296.00000000011,1,357.925072080521,0
"(wasm-onnx wasm) / (js-bypass js)","1024","Safari","steerable-nafx",142.827532704663,2.00294893924786,1296.00000000011,1,353.807566733382,0
"(wasm-onnx wasm) / (js-onnx js)","1024","Safari","steerable-nafx",1.01178581322704,0.014188828183006,1296.00000000011,1,0.835516119815036,1
"(wasm-onnx wasm) / (wasm-onnx js)","1024","Safari","steerable-nafx",0.998968704747682,0.0140090868309936,1296.00000000011,1,-0.0735781922762634,1
"(wasm-bypass js) / (js-bypass js)","1024","Safari","steerable-nafx",0.943893403696227,0.0132367356341981,1296.00000000011,1,-4.11750534714047,0.000366500214462413
"(wasm-bypass js) / (js-onnx js)","1024","Safari","steerable-nafx",0.00668651160580638,9.376862481978e-05,1296.00000000011,1,-357.089555960707,0
"(wasm-bypass js) / (wasm-onnx js)","1024","Safari","steerable-nafx",0.00660180816019595,9.25807818785535e-05,1296.00000000011,1,-357.998650272797,0
"(js-bypass js) / (js-onnx js)","1024","Safari","steerable-nafx",0.00708396899440384,9.93423880838537e-05,1296.00000000011,1,-352.972050613565,0
"(js-bypass js) / (wasm-onnx js)","1024","Safari","steerable-nafx",0.0069942306348828,9.80839377794289e-05,1296.00000000011,1,-353.881144925655,0
"(js-onnx js) / (wasm-onnx js)","1024","Safari","steerable-nafx",0.987332191940432,0.0138459016205341,1296.00000000011,1,-0.909094312091291,1
"(wasm-bypass wasm) / (js-bypass wasm)","8192","Safari","steerable-nafx",0.951766915046687,0.0133471502083977,1296.00000000011,1,-3.52514976202923,0.00350394495897985
"(wasm-bypass wasm) / (js-onnx wasm)","8192","Safari","steerable-nafx",0.00741246260063682,0.00010394903434942,1296.00000000011,1,-349.739746509021,0
"(wasm-bypass wasm) / (wasm-onnx wasm)","8192","Safari","steerable-nafx",0.00721872070792783,0.000101232085375081,1296.00000000011,1,-351.628353198715,0
"(wasm-bypass wasm) / (wasm-bypass js)","8192","Safari","steerable-nafx",1.02897634997804,0.0144299005217806,1296.00000000011,1,2.03689326978346,0.251644562707325
"(wasm-bypass wasm) / (js-bypass js)","8192","Safari","steerable-nafx",0.856309392095437,0.0120084969339356,1296.00000000011,1,-11.0616453799435,3.35699780392164e-26
"(wasm-bypass wasm) / (js-onnx js)","8192","Safari","steerable-nafx",0.00742133134628361,0.00010407340564079,1296.00000000011,1,-349.654479297428,0
"(wasm-bypass wasm) / (wasm-onnx js)","8192","Safari","steerable-nafx",0.00720599549301817,0.000101053632697069,1296.00000000011,1,-351.754167500702,0
"(js-bypass wasm) / (js-onnx wasm)","8192","Safari","steerable-nafx",0.00778810702857139,0.000109216902485334,1296.00000000011,1,-346.214596746989,0
"(js-bypass wasm) / (wasm-onnx wasm)","8192","Safari","steerable-nafx",0.00758454679796653,0.000106362265565951,1296.00000000011,1,-348.103203436683,0
"(js-bypass wasm) / (wasm-bypass js)","8192","Safari","steerable-nafx",1.08112220934636,0.0151611705488553,1296.00000000011,1,5.56204303181266,2.91165391304297e-07
"(js-bypass wasm) / (js-bypass js)","8192","Safari","steerable-nafx",0.89970493674224,0.0126170564915535,1296.00000000011,1,-7.53649561791416,9.02825809808654e-13
"(js-bypass wasm) / (js-onnx js)","8192","Safari","steerable-nafx",0.00779742521930338,0.000109347576591992,1295.99999999998,1,-346.129329535394,0
"(js-bypass wasm) / (wasm-onnx js)","8192","Safari","steerable-nafx",0.00757117670208644,0.00010617476936789,1295.99999999998,1,-348.229017738669,0
"(js-onnx wasm) / (wasm-onnx wasm)","8192","Safari","steerable-nafx",0.973862681925391,0.0136570112834545,1296.00000000011,1,-1.88860668969362,0.251644562707325
"(js-onnx wasm) / (wasm-bypass js)","8192","Safari","steerable-nafx",138.817071385917,1.94670803742618,1296.00000000011,1,351.776639778803,0
"(js-onnx wasm) / (js-bypass js)","8192","Safari","steerable-nafx",115.522929184408,1.6200414870092,1296.00000000011,1,338.678101129074,0
"(js-onnx wasm) / (js-onnx js)","8192","Safari","steerable-nafx",1.00119646413407,0.0140403279244674,1296.00000000011,1,0.0852672115944187,1
"(js-onnx wasm) / (wasm-onnx js)","8192","Safari","steerable-nafx",0.972145949498495,0.0136329366017157,1295.99999999998,1,-2.01442099168239,0.251644562707325
"(wasm-onnx wasm) / (wasm-bypass js)","8192","Safari","steerable-nafx",142.542756758547,1.99895536974208,1296.00000000011,1,353.665246468497,0
"(wasm-onnx wasm) / (js-bypass js)","8192","Safari","steerable-nafx",118.623427438467,1.66352147697689,1296.00000000011,1,340.566707818768,0
"(wasm-onnx wasm) / (js-onnx js)","8192","Safari","steerable-nafx",1.02806738846861,0.0144171536552861,1296.00000000011,1,1.97387390128803,0.251644562707325
"(wasm-onnx wasm) / (wasm-onnx js)","8192","Safari","steerable-nafx",0.998237192513115,0.0139988284331445,1296.00000000011,1,-0.125814301988794,1
"(wasm-bypass js) / (js-bypass js)","8192","Safari","steerable-nafx",0.832195406739631,0.0116703332726665,1296.00000000011,1,-13.0985386497268,7.94316383301969e-36
"(wasm-bypass js) / (js-onnx js)","8192","Safari","steerable-nafx",0.00721234394400025,0.000101142660512082,1296.00000000011,1,-351.69137256721,0
"(wasm-bypass js) / (wasm-onnx js)","8192","Safari","steerable-nafx",0.00700307202704119,9.82079254778071e-05,1295.99999999998,1,-353.791060770484,0
"(js-bypass js) / (js-onnx js)","8192","Safari","steerable-nafx",0.00866664714271462,0.000121537153044786,1296.00000000011,1,-338.592833917481,0
"(js-bypass js) / (wasm-onnx js)","8192","Safari","steerable-nafx",0.00841517745751298,0.00011801065552929,1295.99999999998,1,-340.692522120756,0
"(js-onnx js) / (wasm-onnx js)","8192","Safari","steerable-nafx",0.970984201726381,0.0136166447746164,1295.99999999998,1,-2.09968820327683,0.251644562707325
