"contrast","Buffer.Size","Environment","Model.Unique","ratio","SE","df","null","t.ratio","p.value"
"(wasm-bypass wasm) / (js-bypass wasm)","128","Chrome","guitar-lstm",0.962184585447661,0.0218656800810822,1296.0000000263,1,-1.69632156606358,0.810586318701502
"(wasm-bypass wasm) / (js-onnx wasm)","128","Chrome","guitar-lstm",0.0920533866525239,0.00209191659621921,1296.00000002642,1,-104.967336465786,0
"(wasm-bypass wasm) / (wasm-onnx wasm)","128","Chrome","guitar-lstm",0.092692781124551,0.00210644685910472,1296.00000002618,1,-104.662743006096,0
"(wasm-bypass wasm) / (wasm-bypass js)","128","Chrome","guitar-lstm",0.948917998044967,0.0215641963945704,1296.00000002902,1,-2.30727428285293,0.233161643554534
"(wasm-bypass wasm) / (js-bypass js)","128","Chrome","guitar-lstm",0.914241859576428,0.0207761798729363,1296.00000002741,1,-3.94543370147638,0.00100710542380194
"(wasm-bypass wasm) / (js-onnx js)","128","Chrome","guitar-lstm",0.0923148222537139,0.002097857729868,1296.00000002741,1,-104.842539397487,0
"(wasm-bypass wasm) / (wasm-onnx js)","128","Chrome","guitar-lstm",0.0922540682896542,0.00209647709380099,1296.00000002754,1,-104.87150893321,0
"(js-bypass wasm) / (js-onnx wasm)","128","Chrome","guitar-lstm",0.0956712340280276,0.00217413231085744,1295.99999999739,1,-103.271014899154,0
"(js-bypass wasm) / (wasm-onnx wasm)","128","Chrome","guitar-lstm",0.0963357577396912,0.00218923363663772,1295.99999999739,1,-102.966421439464,0
"(js-bypass wasm) / (wasm-bypass js)","128","Chrome","guitar-lstm",0.986212014198377,0.0224117042829748,1295.99999999974,1,-0.610952716785113,1
"(js-bypass wasm) / (js-bypass js)","128","Chrome","guitar-lstm",0.950173047254829,0.0215927174341341,1295.99999999863,1,-2.24911213540001,0.246727131738965
"(js-bypass wasm) / (js-onnx js)","128","Chrome","guitar-lstm",0.0959429444723062,0.00218030694069321,1295.99999999863,1,-103.146217830855,0
"(js-bypass wasm) / (wasm-onnx js)","128","Chrome","guitar-lstm",0.0958798027789362,0.00217887204338983,1295.99999999863,1,-103.175187366578,0
"(js-onnx wasm) / (wasm-onnx wasm)","128","Chrome","guitar-lstm",1.00694590927372,0.0228828828109018,1295.99999999739,1,0.304593459689745,1
"(js-onnx wasm) / (wasm-bypass js)","128","Chrome","guitar-lstm",10.3083442397059,0.234257501856925,1295.99999999974,1,102.660062182419,0
"(js-onnx wasm) / (js-bypass js)","128","Chrome","guitar-lstm",9.93164828391853,0.225697072411633,1295.99999999863,1,101.021902763778,0
"(js-onnx wasm) / (js-onnx js)","128","Chrome","guitar-lstm",1.00284004326942,0.0227895768549872,1295.99999999863,1,0.124797068323176,1
"(js-onnx wasm) / (wasm-onnx js)","128","Chrome","guitar-lstm",1.00218005707805,0.0227745786445225,1295.99999999863,1,0.095827532600469,1
"(wasm-onnx wasm) / (wasm-bypass js)","128","Chrome","guitar-lstm",10.237237318081,0.232641594448591,1295.99999999986,1,102.355468722729,0
"(wasm-onnx wasm) / (js-bypass js)","128","Chrome","guitar-lstm",9.8631398096467,0.224140214814936,1295.99999999863,1,100.717309304088,0
"(wasm-onnx wasm) / (js-onnx js)","128","Chrome","guitar-lstm",0.995922456244685,0.0226323744355094,1295.9999999985,1,-0.17979639136664,1
"(wasm-onnx wasm) / (wasm-onnx js)","128","Chrome","guitar-lstm",0.995267022635696,0.0226174796826465,1295.99999999863,1,-0.208765927089348,1
"(wasm-bypass js) / (js-bypass js)","128","Chrome","guitar-lstm",0.963457181189542,0.021894599866211,1296.0000000011,1,-1.63815941861586,0.813049441780961
"(wasm-bypass js) / (js-onnx js)","128","Chrome","guitar-lstm",0.097284299005718,0.00221078927178185,1296.00000000097,1,-102.53526511412,0
"(wasm-bypass js) / (wasm-onnx js)","128","Chrome","guitar-lstm",0.0972202745439785,0.00220933431353481,1296.0000000011,1,-102.564234649843,0
"(js-bypass js) / (js-onnx js)","128","Chrome","guitar-lstm",0.10097418017644,0.00229464195705392,1295.99999999974,1,-100.897105695478,0
"(js-bypass js) / (wasm-onnx js)","128","Chrome","guitar-lstm",0.100907727340767,0.00229313181391996,1295.99999999986,1,-100.926075231201,0
"(js-onnx js) / (wasm-onnx js)","128","Chrome","guitar-lstm",0.999341882889697,0.0227100810317349,1295.99999999986,1,-0.0289695357227139,1
"(wasm-bypass wasm) / (js-bypass wasm)","1024","Chrome","guitar-lstm",0.993530295549445,0.0225780124957554,1295.99999999875,1,-0.285619942567558,1
"(wasm-bypass wasm) / (js-onnx wasm)","1024","Chrome","guitar-lstm",0.0828667496889071,0.00188314993346437,1295.99999999887,1,-109.593723090649,0
"(wasm-bypass wasm) / (wasm-onnx wasm)","1024","Chrome","guitar-lstm",0.0835704344141418,0.0018991411947179,1295.99999999875,1,-109.221626446413,0
"(wasm-bypass wasm) / (wasm-bypass js)","1024","Chrome","guitar-lstm",0.990815999290068,0.0225163300134673,1295.99999999801,1,-0.406003023955741,1
"(wasm-bypass wasm) / (js-bypass js)","1024","Chrome","guitar-lstm",0.985634841324803,0.0223985880082061,1295.99999999875,1,-0.636713445427702,1
"(wasm-bypass wasm) / (js-onnx js)","1024","Chrome","guitar-lstm",0.0829978417212527,0.00188612900471932,1295.99999999887,1,-109.524164927514,0
"(wasm-bypass wasm) / (wasm-onnx js)","1024","Chrome","guitar-lstm",0.0835215423833475,0.00189803012152047,1295.99999999887,1,-109.247378264342,0
"(js-bypass wasm) / (js-onnx wasm)","1024","Chrome","guitar-lstm",0.0834063642146713,0.00189541269340216,1295.99999999998,1,-109.308103148102,0
"(js-bypass wasm) / (wasm-onnx wasm)","1024","Chrome","guitar-lstm",0.0841146312180902,0.00191150808709589,1295.99999999986,1,-108.936006503866,0
"(js-bypass wasm) / (wasm-bypass js)","1024","Chrome","guitar-lstm",0.997268028693703,0.0226629526188842,1295.99999999912,1,-0.12038308138825,1
"(js-bypass wasm) / (js-bypass js)","1024","Chrome","guitar-lstm",0.992053131887362,0.0225444438972189,1295.99999999998,1,-0.35109350286021,1
"(js-bypass wasm) / (js-onnx js)","1024","Chrome","guitar-lstm",0.0835383098965824,0.00189841116387486,1295.99999999998,1,-109.238544984967,0
"(js-bypass wasm) / (wasm-onnx js)","1024","Chrome","guitar-lstm",0.0840654208105029,0.00191038977877413,1295.99999999998,1,-108.961758321795,0
"(js-onnx wasm) / (wasm-onnx wasm)","1024","Chrome","guitar-lstm",1.00849176211058,0.0229180123734449,1295.99999999986,1,0.372096644235704,1
"(js-onnx wasm) / (wasm-bypass js)","1024","Chrome","guitar-lstm",11.9567378111212,0.271717306374299,1295.99999999912,1,109.187720066696,0
"(js-onnx wasm) / (js-bypass js)","1024","Chrome","guitar-lstm",11.8942138436105,0.27029644691374,1295.99999999998,1,108.957009645242,0
"(js-onnx wasm) / (js-onnx js)","1024","Chrome","guitar-lstm",1.00158196179816,0.0227609869072908,1295.99999999998,1,0.0695581631350227,1
"(js-onnx wasm) / (wasm-onnx js)","1024","Chrome","guitar-lstm",1.00790175428503,0.0229046044239163,1295.99999999998,1,0.346344826307126,1
"(wasm-onnx wasm) / (wasm-bypass js)","1024","Chrome","guitar-lstm",11.856058978705,0.269429376205957,1295.99999999912,1,108.815623422461,0
"(wasm-onnx wasm) / (js-bypass js)","1024","Chrome","guitar-lstm",11.7940614792115,0.268020480750445,1295.99999999998,1,108.584913001007,0
"(wasm-onnx wasm) / (js-onnx js)","1024","Chrome","guitar-lstm",0.993148381997734,0.0225693334962465,1295.99999999998,1,-0.302538481100682,1
"(wasm-onnx wasm) / (wasm-onnx js)","1024","Chrome","guitar-lstm",0.999414960193314,0.0227117417161459,1295.99999999998,1,-0.0257518179285793,1
"(wasm-bypass js) / (js-bypass js)","1024","Chrome","guitar-lstm",0.994770817216338,0.0226062033962454,1295.999999999,1,-0.230710421471904,1
"(wasm-bypass js) / (js-onnx js)","1024","Chrome","guitar-lstm",0.0837671593723978,0.00190361177662724,1295.99999999912,1,-109.118161903562,0
"(wasm-bypass js) / (wasm-onnx js)","1024","Chrome","guitar-lstm",0.0842957142831684,0.00191562320640802,1295.99999999912,1,-108.84137524039,0
"(js-bypass js) / (js-onnx js)","1024","Chrome","guitar-lstm",0.0842074957594786,0.00191361843721331,1295.99999999998,1,-108.887451482107,0
"(js-bypass js) / (wasm-onnx js)","1024","Chrome","guitar-lstm",0.0847388291094552,0.0019256930071272,1295.99999999998,1,-108.610664818935,0
"(js-onnx js) / (wasm-onnx js)","1024","Chrome","guitar-lstm",1.00630981060753,0.0228684274453137,1295.99999999998,1,0.276786663172104,1
"(wasm-bypass wasm) / (js-bypass wasm)","8192","Chrome","guitar-lstm",1.0017326138076,0.0227644104797488,1295.99999999887,1,0.0761765352249172,1
"(wasm-bypass wasm) / (js-onnx wasm)","8192","Chrome","guitar-lstm",0.0814954422444682,0.00185198692137027,1295.99999999887,1,-110.32801439913,0
"(wasm-bypass wasm) / (wasm-onnx wasm)","8192","Chrome","guitar-lstm",0.0822281349841326,0.00186863739081826,1295.99999999887,1,-109.934157041053,0
"(wasm-bypass wasm) / (wasm-bypass js)","8192","Chrome","guitar-lstm",0.983321092685292,0.0223460079853065,1295.99999999801,1,-0.740133742478049,1
"(wasm-bypass wasm) / (js-bypass js)","8192","Chrome","guitar-lstm",0.983240062456277,0.0223441665703693,1295.99999999887,1,-0.743760053176953,1
"(wasm-bypass wasm) / (js-onnx js)","8192","Chrome","guitar-lstm",0.0812719173719933,0.00184690731042488,1295.99999999887,1,-110.448874850379,0
"(wasm-bypass wasm) / (wasm-onnx js)","8192","Chrome","guitar-lstm",0.0821072070794828,0.0018658892997389,1295.99999999887,1,-109.998919157646,0
"(js-bypass wasm) / (js-onnx wasm)","8192","Chrome","guitar-lstm",0.0813544863381284,0.00184878369321579,1295.99999999986,1,-110.404190934376,0
"(js-bypass wasm) / (wasm-onnx wasm)","8192","Chrome","guitar-lstm",0.0820859117999385,0.00186540536372793,1295.99999999986,1,-110.010333576299,0
"(js-bypass wasm) / (wasm-bypass js)","8192","Chrome","guitar-lstm",0.981620323758526,0.0223073579489089,1295.99999999912,1,-0.816310277703106,1
"(js-bypass wasm) / (js-bypass js)","8192","Chrome","guitar-lstm",0.981539433680776,0.0223055197189143,1295.99999999998,1,-0.819936588402027,1
"(js-bypass wasm) / (js-onnx js)","8192","Chrome","guitar-lstm",0.0811313480780839,0.00184371286805209,1295.99999999998,1,-110.525051385625,0
"(js-bypass wasm) / (wasm-onnx js)","8192","Chrome","guitar-lstm",0.0819651930542542,0.00186266202579375,1295.99999999998,1,-110.075095692892,0
"(js-onnx wasm) / (wasm-onnx wasm)","8192","Chrome","guitar-lstm",1.00899059774983,0.0229293484316878,1295.99999999986,1,0.393857358076525,1
"(js-onnx wasm) / (wasm-bypass js)","8192","Chrome","guitar-lstm",12.0659642503141,0.274199481220916,1295.99999999912,1,109.587880656655,0
"(js-onnx wasm) / (js-bypass js)","8192","Chrome","guitar-lstm",12.0649699587711,0.274176885909,1295.99999999998,1,109.584254345974,0
"(js-onnx wasm) / (js-onnx js)","8192","Chrome","guitar-lstm",0.997257210141834,0.0226627067668915,1295.99999999998,1,-0.120860451249675,1
"(js-onnx wasm) / (wasm-onnx js)","8192","Chrome","guitar-lstm",1.00750673679614,0.0228956276369577,1295.99999999998,1,0.329095241483417,1
"(wasm-onnx wasm) / (wasm-bypass js)","8192","Chrome","guitar-lstm",11.9584506309798,0.271756230268562,1295.99999999912,1,109.194023298578,0
"(wasm-onnx wasm) / (js-bypass js)","8192","Chrome","guitar-lstm",11.9574651990588,0.271733836291882,1295.99999999998,1,109.190396987897,0
"(wasm-onnx wasm) / (js-onnx js)","8192","Chrome","guitar-lstm",0.988371162591444,0.0224607710095933,1295.99999999998,1,-0.5147178093262,1
"(wasm-onnx wasm) / (wasm-onnx js)","8192","Chrome","guitar-lstm",0.998529360970267,0.0226916164412412,1295.99999999998,1,-0.0647621165931092,1
"(wasm-bypass js) / (js-bypass js)","8192","Chrome","guitar-lstm",0.99991759535149,0.0227231641185997,1295.99999999912,1,-0.0036263106987876,1
"(wasm-bypass js) / (js-onnx js)","8192","Chrome","guitar-lstm",0.0826504363392152,0.00187823420463931,1295.99999999912,1,-109.708741107905,0
"(wasm-bypass js) / (wasm-onnx js)","8192","Chrome","guitar-lstm",0.083499894073523,0.0018975381628837,1295.999999999,1,-109.258785415172,0
"(js-bypass js) / (js-onnx js)","8192","Chrome","guitar-lstm",0.0826572476806571,0.00187838899262371,1295.99999999998,1,-109.705114797224,0
"(js-bypass js) / (wasm-onnx js)","8192","Chrome","guitar-lstm",0.0835067754199997,0.00189769454173508,1295.99999999998,1,-109.255159104491,0
"(js-onnx js) / (wasm-onnx js)","8192","Chrome","guitar-lstm",1.01027771627026,0.0229585982473884,1295.99999999998,1,0.449955692733092,1
"(wasm-bypass wasm) / (js-bypass wasm)","128","Firefox","guitar-lstm",0.978770439393285,0.0222425942219288,1295.9999999985,1,-0.944251441900212,1
"(wasm-bypass wasm) / (js-onnx wasm)","128","Firefox","guitar-lstm",0.153276161007788,0.00348320639444787,1295.9999999985,1,-82.530736029073,0
"(wasm-bypass wasm) / (wasm-onnx wasm)","128","Firefox","guitar-lstm",0.133976742096491,0.0030446263901017,1295.9999999985,1,-88.4526208307326,0
"(wasm-bypass wasm) / (wasm-bypass js)","128","Firefox","guitar-lstm",0.989964663639271,0.0224969833795017,1295.99999999813,1,-0.443828975393072,1
"(wasm-bypass wasm) / (js-bypass js)","128","Firefox","guitar-lstm",0.916782316252239,0.0208339118444144,1295.9999999985,1,-3.82332590495146,0.00110333038501209
"(wasm-bypass wasm) / (js-onnx js)","128","Firefox","guitar-lstm",0.15111251659106,0.00343403749552643,1295.99999999838,1,-83.1563264787773,0
"(wasm-bypass wasm) / (wasm-onnx js)","128","Firefox","guitar-lstm",0.134263392808204,0.00305114053806476,1295.99999999838,1,-88.3585716900064,0
"(js-bypass wasm) / (js-onnx wasm)","128","Firefox","guitar-lstm",0.156600725603033,0.00355875724710903,1295.99999999986,1,-81.5864845871944,0
"(js-bypass wasm) / (wasm-onnx wasm)","128","Firefox","guitar-lstm",0.13688270170842,0.00311066442912619,1295.99999999998,1,-87.5083693888553,0
"(js-bypass wasm) / (wasm-bypass js)","128","Firefox","guitar-lstm",1.01143702731043,0.022984943633403,1295.99999999949,1,0.500422466507196,1
"(js-bypass wasm) / (js-bypass js)","128","Firefox","guitar-lstm",0.936667352582214,0.0212858000261259,1295.99999999998,1,-2.879074463052,0.024323724843677
"(js-bypass wasm) / (js-onnx js)","128","Firefox","guitar-lstm",0.154390151673084,0.00350852187327418,1295.99999999998,1,-82.2120750368989,0
"(js-bypass wasm) / (wasm-onnx js)","128","Firefox","guitar-lstm",0.137175569882792,0.00311731986915673,1295.99999999998,1,-87.4143202481295,0
"(js-onnx wasm) / (wasm-onnx wasm)","128","Firefox","guitar-lstm",0.874087276296563,0.0198636654916364,1295.99999999986,1,-5.9218848016608,4.88559323324747e-08
"(js-onnx wasm) / (wasm-bypass js)","128","Firefox","guitar-lstm",6.45869949462639,0.146774183484102,1295.99999999949,1,82.0869070536948,0
"(js-onnx wasm) / (js-bypass js)","128","Firefox","guitar-lstm",5.98124529101208,0.135924019152269,1295.99999999998,1,78.7074101241429,0
"(js-onnx wasm) / (js-onnx js)","128","Firefox","guitar-lstm",0.985884012213633,0.0224042504258118,1295.99999999998,1,-0.625590449704105,1
"(js-onnx wasm) / (wasm-onnx js)","128","Firefox","guitar-lstm",0.8759574347728,0.0199061649117694,1295.99999999998,1,-5.82783566093469,7.7853982680894e-08
"(wasm-onnx wasm) / (wasm-bypass js)","128","Firefox","guitar-lstm",7.38907849338727,0.167917080438434,1295.99999999949,1,88.0087918553551,0
"(wasm-onnx wasm) / (js-bypass js)","128","Firefox","guitar-lstm",6.84284676508978,0.155503944329413,1295.99999999998,1,84.6292949258038,0
"(wasm-onnx wasm) / (js-onnx js)","128","Firefox","guitar-lstm",1.12790111348004,0.0256315942736711,1295.99999999998,1,5.29629435195673,1.38706794271394e-06
"(wasm-onnx wasm) / (wasm-onnx js)","128","Firefox","guitar-lstm",1.00213955577086,0.0227736582508216,1295.99999999998,1,0.0940491407261366,1
"(wasm-bypass js) / (js-bypass js)","128","Firefox","guitar-lstm",0.926075798384558,0.0210451065675635,1295.99999999949,1,-3.37949692955896,0.00523440230865924
"(wasm-bypass js) / (js-onnx js)","128","Firefox","guitar-lstm",0.152644354027291,0.00346884855758561,1295.99999999949,1,-82.7124975033992,0
"(wasm-bypass js) / (wasm-onnx js)","128","Firefox","guitar-lstm",0.135624429577749,0.0030820701486937,1295.99999999961,1,-87.9147427146295,0
"(js-bypass js) / (js-onnx js)","128","Firefox","guitar-lstm",0.164829222719741,0.00374575014662552,1295.99999999998,1,-79.3330005738473,0
"(js-bypass js) / (wasm-onnx js)","128","Firefox","guitar-lstm",0.146450679106755,0.00332809706729166,1295.99999999998,1,-84.5352457850779,0
"(js-onnx js) / (wasm-onnx js)","128","Firefox","guitar-lstm",0.888499482617624,0.0201911834101798,1295.99999999998,1,-5.20224521123061,2.05787757137645e-06
"(wasm-bypass wasm) / (js-bypass wasm)","1024","Firefox","guitar-lstm",0.995167167776941,0.0226152104773041,1295.99999999998,1,-0.213181090480546,1
"(wasm-bypass wasm) / (js-onnx wasm)","1024","Firefox","guitar-lstm",0.120186239007154,0.00273123670035665,1295.99999999998,1,-93.2325333185148,0
"(wasm-bypass wasm) / (wasm-onnx wasm)","1024","Firefox","guitar-lstm",0.111636305319944,0.00253693914295714,1295.99999999998,1,-96.4798863872624,0
"(wasm-bypass wasm) / (wasm-bypass js)","1024","Firefox","guitar-lstm",0.939921161121809,0.0213597429448217,1295.99999999998,1,-2.72647648569425,0.051902028010089
"(wasm-bypass wasm) / (js-bypass js)","1024","Firefox","guitar-lstm",0.942816108257598,0.0214255307249219,1295.99999999998,1,-2.59115191399036,0.0677106680341213
"(wasm-bypass wasm) / (js-onnx js)","1024","Firefox","guitar-lstm",0.119345084701644,0.00271212143783699,1295.99999999998,1,-93.5415917129217,0
"(wasm-bypass wasm) / (wasm-onnx js)","1024","Firefox","guitar-lstm",0.111029667469775,0.00252315327550765,1295.99999999998,1,-96.7196604075502,0
"(js-bypass wasm) / (js-onnx wasm)","1024","Firefox","guitar-lstm",0.120769899669854,0.0027445004103761,1295.99999999998,1,-93.0193522280346,0
"(js-bypass wasm) / (wasm-onnx wasm)","1024","Firefox","guitar-lstm",0.112178444923302,0.00254925928537643,1295.99999999998,1,-96.2667052967823,0
"(js-bypass wasm) / (wasm-bypass js)","1024","Firefox","guitar-lstm",0.944485702056928,0.0214634723053979,1295.99999999998,1,-2.51329539521372,0.0724885515869737
"(js-bypass wasm) / (js-bypass js)","1024","Firefox","guitar-lstm",0.947394707930038,0.0215295795708206,1295.99999999998,1,-2.37797082350983,0.0877625757120137
"(js-bypass wasm) / (js-onnx js)","1024","Firefox","guitar-lstm",0.119924660465079,0.00272529231837046,1295.99999999998,1,-93.3284106224416,0
"(js-bypass wasm) / (wasm-onnx js)","1024","Firefox","guitar-lstm",0.111568861056579,0.00253540646959244,1295.99999999998,1,-96.5064793170701,0
"(js-onnx wasm) / (wasm-onnx wasm)","1024","Firefox","guitar-lstm",0.928860959808378,0.0211083994633206,1295.99999999998,1,-3.24735306874762,0.0131412788209792
"(js-onnx wasm) / (wasm-bypass js)","1024","Firefox","guitar-lstm",7.82053893096582,0.17772203474601,1295.99999999998,1,90.5060568328212,0
"(js-onnx wasm) / (js-bypass js)","1024","Firefox","guitar-lstm",7.84462610733229,0.178269416714558,1295.99999999998,1,90.6413814045247,0
"(js-onnx wasm) / (js-onnx js)","1024","Firefox","guitar-lstm",0.993001242800683,0.0225659897525835,1295.99999999998,1,-0.30905839440711,1
"(js-onnx wasm) / (wasm-onnx js)","1024","Firefox","guitar-lstm",0.923813478040248,0.0209936952545579,1295.99999999998,1,-3.48712708903572,0.00605484759469152
"(wasm-onnx wasm) / (wasm-bypass js)","1024","Firefox","guitar-lstm",8.41949362645103,0.191333302222836,1295.99999999998,1,93.7534099015688,0
"(wasm-onnx wasm) / (js-bypass js)","1024","Firefox","guitar-lstm",8.44542557688141,0.191922606749814,1295.99999999998,1,93.8887344732724,0
"(wasm-onnx wasm) / (js-onnx js)","1024","Firefox","guitar-lstm",1.06905262010962,0.02429426009813,1295.99999999998,1,2.93829467434051,0.030227634714581
"(wasm-onnx wasm) / (wasm-onnx js)","1024","Firefox","guitar-lstm",0.994565944757576,0.0226015476620837,1295.99999999998,1,-0.23977402028811,1
"(wasm-bypass js) / (js-bypass js)","1024","Firefox","guitar-lstm",1.00307998931776,0.0227950296377518,1295.99999999998,1,0.135324571703878,1
"(wasm-bypass js) / (js-onnx js)","1024","Firefox","guitar-lstm",0.126973505479123,0.00288547758048134,1295.99999999998,1,-90.8151152272281,0
"(wasm-bypass js) / (wasm-onnx js)","1024","Firefox","guitar-lstm",0.11812657493237,0.00268443075852895,1295.99999999998,1,-93.9931839218567,0
"(js-bypass js) / (js-onnx js)","1024","Firefox","guitar-lstm",0.12658362925322,0.00287661762891303,1295.99999999998,1,-90.9504397989317,0
"(js-bypass js) / (wasm-onnx js)","1024","Firefox","guitar-lstm",0.1177638634908,0.00267618812768339,1295.99999999998,1,-94.1285084935602,0
"(js-onnx js) / (wasm-onnx js)","1024","Firefox","guitar-lstm",0.930324593990137,0.021141660603915,1295.99999999998,1,-3.17806869462861,0.0151762834915534
"(wasm-bypass wasm) / (js-bypass wasm)","8192","Firefox","guitar-lstm",0.994292019828711,0.0225953227080038,1295.99999999998,1,-0.251895431720088,1
"(wasm-bypass wasm) / (js-onnx wasm)","8192","Firefox","guitar-lstm",0.109649584705724,0.00249179084395271,1295.99999999998,1,-97.2700556754753,0
"(wasm-bypass wasm) / (wasm-onnx wasm)","8192","Firefox","guitar-lstm",0.102703461467143,0.00233393993796602,1295.99999999998,1,-100.149869119165,0
"(wasm-bypass wasm) / (wasm-bypass js)","8192","Firefox","guitar-lstm",0.929981772874119,0.0211338699814489,1295.99999999998,1,-3.19428711295013,0.0172262513779836
"(wasm-bypass wasm) / (js-bypass js)","8192","Firefox","guitar-lstm",0.938118114356054,0.0213187686407769,1295.99999999998,1,-2.81097087187332,0.0401087153983217
"(wasm-bypass wasm) / (js-onnx js)","8192","Firefox","guitar-lstm",0.108930649659407,0.00247545301859189,1295.99999999998,1,-97.5595271243393,0
"(wasm-bypass wasm) / (wasm-onnx js)","8192","Firefox","guitar-lstm",0.102530732942256,0.0023300146758872,1295.99999999998,1,-100.223938693151,0
"(js-bypass wasm) / (js-onnx wasm)","8192","Firefox","guitar-lstm",0.110279055367068,0.00250609558787565,1295.99999999998,1,-97.0181602437557,0
"(js-bypass wasm) / (wasm-onnx wasm)","8192","Firefox","guitar-lstm",0.103293056183671,0.0023473384995769,1295.99999999998,1,-99.8979736874458,0
"(js-bypass wasm) / (wasm-bypass js)","8192","Firefox","guitar-lstm",0.935320564107846,0.0212551942085279,1295.99999999998,1,-2.94239168123006,0.0351410402042131
"(js-bypass wasm) / (js-bypass js)","8192","Firefox","guitar-lstm",0.943503614277892,0.0214411543245106,1295.99999999998,1,-2.55907544015324,0.0581737355388097
"(js-bypass wasm) / (js-onnx js)","8192","Firefox","guitar-lstm",0.109555993095643,0.0024896639711725,1295.99999999998,1,-97.3076316926198,0
"(js-bypass wasm) / (wasm-onnx js)","8192","Firefox","guitar-lstm",0.103119336067807,0.00234339070355668,1295.99999999998,1,-99.9720432614318,0
"(js-onnx wasm) / (wasm-onnx wasm)","8192","Firefox","guitar-lstm",0.936651622920206,0.0212854425689783,1295.99999999998,1,-2.87981344369009,0.0364007334975211
"(js-onnx wasm) / (wasm-bypass js)","8192","Firefox","guitar-lstm",8.4813980405853,0.192740082310093,1295.99999999998,1,94.0757685625259,0
"(js-onnx wasm) / (js-bypass js)","8192","Firefox","guitar-lstm",8.55560116231869,0.194426350979731,1295.99999999998,1,94.4590848036025,0
"(js-onnx wasm) / (js-onnx js)","8192","Firefox","guitar-lstm",0.993443339997624,0.0225760364276386,1295.99999999998,1,-0.289471448864413,1
"(js-onnx wasm) / (wasm-onnx js)","8192","Firefox","guitar-lstm",0.935076345409116,0.0212496443296202,1295.99999999998,1,-2.95388301767629,0.0351410402042131
"(wasm-onnx wasm) / (wasm-bypass js)","8192","Firefox","guitar-lstm",9.05501878504495,0.205775634818403,1295.99999999998,1,96.955582006216,0
"(wasm-onnx wasm) / (js-bypass js)","8192","Firefox","guitar-lstm",9.13424047208164,0.207575950569077,1295.99999999998,1,97.3388982472926,0
"(wasm-onnx wasm) / (js-onnx js)","8192","Firefox","guitar-lstm",1.06063270023529,0.0241029171094085,1295.99999999998,1,2.59034199482567,0.0581737355388097
"(wasm-onnx wasm) / (wasm-onnx js)","8192","Firefox","guitar-lstm",0.998318182051318,0.0226868173925434,1295.99999999998,1,-0.0740695739862093,1
"(wasm-bypass js) / (js-bypass js)","8192","Firefox","guitar-lstm",1.00874892575237,0.0229238564266597,1295.99999999998,1,0.38331624107681,1
"(wasm-bypass js) / (js-onnx js)","8192","Firefox","guitar-lstm",0.117132026494192,0.00266182960870454,1295.99999999998,1,-94.36524001139,0
"(wasm-bypass js) / (wasm-onnx js)","8192","Firefox","guitar-lstm",0.110250260739394,0.00250544122890307,1295.99999999998,1,-97.0296515802018,0
"(js-bypass js) / (js-onnx js)","8192","Firefox","guitar-lstm",0.116116135049987,0.00263874343828345,1295.99999999998,1,-94.7485562524664,0
"(js-bypass js) / (wasm-onnx js)","8192","Firefox","guitar-lstm",0.109294055165575,0.00248371142208097,1295.99999999998,1,-97.4129678212784,0
"(js-onnx js) / (wasm-onnx js)","8192","Firefox","guitar-lstm",0.941247787127299,0.0213898905695729,1295.99999999998,1,-2.66441156881187,0.054656138194456
"(wasm-bypass wasm) / (js-bypass wasm)","128","Safari","guitar-lstm",0.965353086713821,0.0219376843889279,1296.00000000802,1,-1.55165212532553,0.806211004618289
"(wasm-bypass wasm) / (js-onnx wasm)","128","Safari","guitar-lstm",0.16410688022599,0.00372933488689058,1296.00000000802,1,-79.5262675807446,0
"(wasm-bypass wasm) / (wasm-onnx wasm)","128","Safari","guitar-lstm",0.162623481193202,0.00369562458933,1296.00000000802,1,-79.9258412700019,0
"(wasm-bypass wasm) / (wasm-bypass js)","128","Safari","guitar-lstm",0.984594642774242,0.022374949457864,1296.00000000703,1,-0.683178330987435,1
"(wasm-bypass wasm) / (js-bypass js)","128","Safari","guitar-lstm",0.868886270793729,0.0197454724503249,1296.00000000839,1,-6.1845020263831,1.00024291484599e-08
"(wasm-bypass wasm) / (js-onnx js)","128","Safari","guitar-lstm",0.156900741546977,0.00356557512045999,1296.00000000839,1,-81.5022616678897,0
"(wasm-bypass wasm) / (wasm-onnx js)","128","Safari","guitar-lstm",0.157301132310952,0.00357467401529258,1296.00000000851,1,-81.390111244819,0
"(js-bypass wasm) / (js-onnx wasm)","128","Safari","guitar-lstm",0.169996742626711,0.00386318222650758,1295.99999999912,1,-77.9746154552834,0
"(js-bypass wasm) / (wasm-onnx wasm)","128","Safari","guitar-lstm",0.168460103801804,0.00382826205271356,1295.99999999912,1,-78.3741891445402,0
"(js-bypass wasm) / (wasm-bypass js)","128","Safari","guitar-lstm",1.01993214330098,0.0231779954566364,1295.99999999813,1,0.86847379433628,1
"(js-bypass wasm) / (js-bypass js)","128","Safari","guitar-lstm",0.900070950983876,0.0204541454542558,1295.99999999949,1,-4.63284990104938,3.96993843785246e-05
"(js-bypass wasm) / (js-onnx js)","128","Safari","guitar-lstm",0.162531972711753,0.00369354505573068,1295.99999999949,1,-79.950609542425,0
"(js-bypass wasm) / (wasm-onnx js)","128","Safari","guitar-lstm",0.16294673366242,0.00370297051358423,1295.99999999949,1,-79.8384591193544,0
"(js-onnx wasm) / (wasm-onnx wasm)","128","Safari","guitar-lstm",0.990960774888013,0.0225196200442492,1295.99999999912,1,-0.399573689256867,1
"(js-onnx wasm) / (wasm-bypass js)","128","Safari","guitar-lstm",5.99971580361752,0.136343762230386,1295.99999999813,1,78.8430892496043,0
"(js-onnx wasm) / (js-bypass js)","128","Safari","guitar-lstm",5.29463645641908,0.120320808141425,1295.99999999949,1,73.34176555424,0
"(js-onnx wasm) / (js-onnx js)","128","Safari","guitar-lstm",0.956088747351178,0.0217271519363238,1295.99999999949,1,-1.97599408713568,0.435305271838195
"(js-onnx wasm) / (wasm-onnx js)","128","Safari","guitar-lstm",0.958528564398605,0.021782596868432,1295.99999999949,1,-1.86384366406507,0.50055720401459
"(wasm-onnx wasm) / (wasm-bypass js)","128","Safari","guitar-lstm",6.05444327934729,0.137587446128525,1295.99999999813,1,79.2426629388612,0
"(wasm-onnx wasm) / (js-bypass js)","128","Safari","guitar-lstm",5.34293242537014,0.121418335811549,1295.99999999949,1,73.7413392434968,0
"(wasm-onnx wasm) / (js-onnx js)","128","Safari","guitar-lstm",0.964809881056315,0.0219253400204253,1295.99999999949,1,-1.57642039787878,0.806211004618289
"(wasm-onnx wasm) / (wasm-onnx js)","128","Safari","guitar-lstm",0.967271953329259,0.0219812907033516,1295.99999999949,1,-1.46426997480816,0.806211004618289
"(wasm-bypass js) / (js-bypass js)","128","Safari","guitar-lstm",0.882481209064385,0.0200544179224125,1295.9999999985,1,-5.50132369538482,4.99095175096961e-07
"(wasm-bypass js) / (js-onnx js)","128","Safari","guitar-lstm",0.159355672609477,0.0036213635191233,1295.9999999985,1,-80.8190833367459,0
"(wasm-bypass js) / (wasm-onnx js)","128","Safari","guitar-lstm",0.159762328045715,0.00363060477886344,1295.9999999985,1,-80.7069329136751,0
"(js-bypass js) / (js-onnx js)","128","Safari","guitar-lstm",0.180576845118807,0.00410361544464128,1295.99999999986,1,-75.3177596413814,0
"(js-bypass js) / (wasm-onnx js)","128","Safari","guitar-lstm",0.181037654291922,0.00411408735004301,1295.99999999998,1,-75.2056092183108,0
"(js-onnx js) / (wasm-onnx js)","128","Safari","guitar-lstm",1.00255187298688,0.0227830281747155,1295.99999999998,1,0.11215042307062,1
"(wasm-bypass wasm) / (js-bypass wasm)","1024","Safari","guitar-lstm",0.97713264979946,0.0222053753931899,1295.999999999,1,-1.01794614565374,0.308893538642199
"(wasm-bypass wasm) / (js-onnx wasm)","1024","Safari","guitar-lstm",0.0966391176081231,0.00219612750080085,1295.99999999912,1,-102.828070180015,0
"(wasm-bypass wasm) / (wasm-onnx wasm)","1024","Safari","guitar-lstm",0.107086255251203,0.00243353908785255,1295.999999999,1,-98.3109804530006,0
"(wasm-bypass wasm) / (wasm-bypass js)","1024","Safari","guitar-lstm",0.654666348911038,0.0148773168492959,1295.999999999,1,-18.6415348166234,8.1096516052549e-68
"(wasm-bypass wasm) / (js-bypass js)","1024","Safari","guitar-lstm",0.777019281553818,0.017657791742186,1295.99999999912,1,-11.1018572212478,2.024721432422e-26
"(wasm-bypass wasm) / (js-onnx js)","1024","Safari","guitar-lstm",0.0905501802425468,0.00205775617529454,1295.999999999,1,-105.691846782122,0
"(wasm-bypass wasm) / (wasm-onnx js)","1024","Safari","guitar-lstm",0.100985989294194,0.00229491031968941,1295.99999999912,1,-100.891959608414,0
"(js-bypass wasm) / (js-onnx wasm)","1024","Safari","guitar-lstm",0.0989007148906104,0.00224752238219773,1295.99999999998,1,-101.810124034379,0
"(js-bypass wasm) / (wasm-onnx wasm)","1024","Safari","guitar-lstm",0.109592341708345,0.00249048999473261,1295.99999999998,1,-97.2930343073641,0
"(js-bypass wasm) / (wasm-bypass js)","1024","Safari","guitar-lstm",0.669987180395003,0.0152254833080714,1295.99999999998,1,-17.6235886709728,1.92233209164801e-61
"(js-bypass wasm) / (js-bypass js)","1024","Safari","guitar-lstm",0.795203477965135,0.0180710282742132,1295.99999999998,1,-10.0839110755958,4.05010496102181e-22
"(js-bypass wasm) / (js-onnx js)","1024","Safari","guitar-lstm",0.0926692811473762,0.00210591282126997,1295.99999999998,1,-104.673900636487,0
"(js-bypass wasm) / (wasm-onnx js)","1024","Safari","guitar-lstm",0.103349314256278,0.00234861696634535,1295.99999999998,1,-99.8740134627776,0
"(js-onnx wasm) / (wasm-onnx wasm)","1024","Safari","guitar-lstm",1.10810464645842,0.0251817188327428,1295.99999999998,1,4.51708972701491,3.42021968389904e-05
"(js-onnx wasm) / (wasm-bypass js)","1024","Safari","guitar-lstm",6.77434112722082,0.153947151190076,1295.99999999998,1,84.1865353634062,0
"(js-onnx wasm) / (js-bypass js)","1024","Safari","guitar-lstm",8.04042194077841,0.182718884228499,1295.99999999998,1,91.7262129587832,0
"(js-onnx wasm) / (js-onnx js)","1024","Safari","guitar-lstm",0.936993036398912,0.0212932012028348,1295.99999999998,1,-2.86377660210749,0.0170146827689481
"(js-onnx wasm) / (wasm-onnx js)","1024","Safari","guitar-lstm",1.04498045712398,0.0237472193092138,1295.99999999998,1,1.93611057160167,0.106142753572977
"(wasm-onnx wasm) / (wasm-bypass js)","1024","Safari","guitar-lstm",6.1134488957086,0.138928350929762,1295.99999999998,1,79.6694456363913,0
"(wasm-onnx wasm) / (js-bypass js)","1024","Safari","guitar-lstm",7.25601319918307,0.164893166735182,1295.99999999998,1,87.2091232317682,0
"(wasm-onnx wasm) / (js-onnx js)","1024","Safari","guitar-lstm",0.845581723164508,0.0192158757486392,1295.99999999998,1,-7.3808663291224,1.96094155305972e-12
"(wasm-onnx wasm) / (wasm-onnx js)","1024","Safari","guitar-lstm",0.94303409020421,0.0214304843726732,1295.99999999998,1,-2.58097915541325,0.0298834674191578
"(wasm-bypass js) / (js-bypass js)","1024","Safari","guitar-lstm",1.18689357234613,0.026972200070394,1295.99999999998,1,7.53967759537693,7.05577655250276e-13
"(wasm-bypass js) / (js-onnx js)","1024","Safari","guitar-lstm",0.138315006404662,0.00314321360601018,1295.99999999998,1,-87.0503119655137,0
"(wasm-bypass js) / (wasm-onnx js)","1024","Safari","guitar-lstm",0.154255659332686,0.00350546552989369,1295.99999999998,1,-82.2504247918048,0
"(js-bypass js) / (js-onnx js)","1024","Safari","guitar-lstm",0.116535306641905,0.00264826912812157,1295.99999999998,1,-94.5899895608908,0
"(js-bypass js) / (wasm-onnx js)","1024","Safari","guitar-lstm",0.129965873037605,0.00295347924326901,1295.99999999998,1,-89.7901023871817,0
"(js-onnx js) / (wasm-onnx js)","1024","Safari","guitar-lstm",1.11524890423955,0.0253440723534936,1295.99999999998,1,4.79988717370917,1.06314056517872e-05
"(wasm-bypass wasm) / (js-bypass wasm)","8192","Safari","guitar-lstm",0.970938062371342,0.0220646031661279,1295.999999999,1,-1.29780208905743,0.194586284531968
"(wasm-bypass wasm) / (js-onnx wasm)","8192","Safari","guitar-lstm",0.0716438468981505,0.00162810905490893,1295.99999999912,1,-115.997524342803,0
"(wasm-bypass wasm) / (wasm-onnx wasm)","8192","Safari","guitar-lstm",0.0989010674942339,0.00224753039512844,1295.999999999,1,-101.809967149162,0
"(wasm-bypass wasm) / (wasm-bypass js)","8192","Safari","guitar-lstm",0.502862136356569,0.0114275605375696,1295.999999999,1,-30.2503021790596,1.58820884975355e-151
"(wasm-bypass wasm) / (js-bypass js)","8192","Safari","guitar-lstm",0.458379306665083,0.0104166865973185,1295.999999999,1,-34.3259403765773,3.979011177091e-183
"(wasm-bypass wasm) / (js-onnx js)","8192","Safari","guitar-lstm",0.0807690961606947,0.00183548067991072,1295.999999999,1,-110.721970910059,0
"(wasm-bypass wasm) / (wasm-onnx js)","8192","Safari","guitar-lstm",0.0897198071520791,0.00203888591628312,1295.99999999912,1,-106.097241710391,0
"(js-bypass wasm) / (js-onnx wasm)","8192","Safari","guitar-lstm",0.0737882772080984,0.00167684131254704,1295.99999999998,1,-114.699722253766,0
"(js-bypass wasm) / (wasm-onnx wasm)","8192","Safari","guitar-lstm",0.101861355865158,0.00231480305719899,1295.99999999998,1,-100.512165060123,0
"(js-bypass wasm) / (wasm-bypass js)","8192","Safari","guitar-lstm",0.517913712362267,0.0117696081557023,1295.99999999998,1,-28.9525000900073,1.3172582765665e-141
"(js-bypass wasm) / (js-bypass js)","8192","Safari","guitar-lstm",0.472099430879838,0.0107284769245483,1295.99999999998,1,-33.0281382875257,4.93178511619569e-173
"(js-bypass wasm) / (js-onnx js)","8192","Safari","guitar-lstm",0.0831866617355907,0.00189041994648718,1295.99999999998,1,-109.424168821021,0
"(js-bypass wasm) / (wasm-onnx js)","8192","Safari","guitar-lstm",0.0924052837448299,0.00209991347059064,1295.99999999998,1,-104.799439621352,0
"(js-onnx wasm) / (wasm-onnx wasm)","8192","Safari","guitar-lstm",1.38045445319027,0.0313708782042811,1295.99999999998,1,14.1875571936429,1.12893255462114e-41
"(js-onnx wasm) / (wasm-bypass js)","8192","Safari","guitar-lstm",7.01891590315414,0.159505121965506,1295.99999999998,1,85.7472221637585,0
"(js-onnx wasm) / (js-bypass js)","8192","Safari","guitar-lstm",6.3980275559005,0.145395411445801,1295.99999999998,1,81.6715839662404,0
"(js-onnx wasm) / (js-onnx js)","8192","Safari","guitar-lstm",1.12736961592133,0.0256195159721076,1295.99999999998,1,5.27555343274532,7.74890684339774e-07
"(js-onnx wasm) / (wasm-onnx js)","8192","Safari","guitar-lstm",1.2523030383841,0.0284586325910339,1295.99999999998,1,9.90028263241381,1.75969027498465e-21
"(wasm-onnx wasm) / (wasm-bypass js)","8192","Safari","guitar-lstm",5.08449654889606,0.115545371016686,1295.99999999998,1,71.5596649701155,0
"(wasm-onnx wasm) / (js-bypass js)","8192","Safari","guitar-lstm",4.63472557252032,0.105324309041699,1295.99999999998,1,67.4840267725972,0
"(wasm-onnx wasm) / (js-onnx js)","8192","Safari","guitar-lstm",0.816665564963732,0.0185587549903585,1295.99999999998,1,-8.91200376089762,9.97272626197289e-18
"(wasm-onnx wasm) / (wasm-onnx js)","8192","Safari","guitar-lstm",0.907167227060618,0.0206154085890087,1295.99999999998,1,-4.28727456122916,5.82837917100109e-05
"(wasm-bypass js) / (js-bypass js)","8192","Safari","guitar-lstm",0.911540705741377,0.0207147960528298,1295.99999999998,1,-4.07563819751838,9.73557207097085e-05
"(wasm-bypass js) / (js-onnx js)","8192","Safari","guitar-lstm",0.160618766697962,0.00365006737872366,1295.99999999998,1,-80.4716687310133,0
"(wasm-bypass js) / (wasm-onnx js)","8192","Safari","guitar-lstm",0.17841829930194,0.00405456241158914,1295.99999999998,1,-75.8469395313448,0
"(js-bypass js) / (js-onnx js)","8192","Safari","guitar-lstm",0.176205808129356,0.00400428346834491,1295.99999999998,1,-76.3960305334951,0
"(js-bypass js) / (wasm-onnx js)","8192","Safari","guitar-lstm",0.195732673459523,0.00444803220092236,1295.99999999998,1,-71.7713013338265,0
"(js-onnx js) / (wasm-onnx js)","8192","Safari","guitar-lstm",1.11081851124812,0.0252433915098699,1295.99999999998,1,4.62472919966847,1.65041817585284e-05
"(wasm-bypass wasm) / (js-bypass wasm)","128","Chrome","steerable-nafx",0.977016902836912,0.0222027450391711,1296.00000000802,1,-1.02315901940728,1
"(wasm-bypass wasm) / (js-onnx wasm)","128","Chrome","steerable-nafx",0.00305198960006379,6.93565758746443e-05,1296.00000000802,1,-254.871384036627,0
"(wasm-bypass wasm) / (wasm-onnx wasm)","128","Chrome","steerable-nafx",0.00305583967637591,6.94440690003935e-05,1296.00000000802,1,-254.815907683107,0
"(wasm-bypass wasm) / (wasm-bypass js)","128","Chrome","steerable-nafx",0.965698033438311,0.0219455233159285,1296.00000000703,1,-1.53593099889902,1
"(wasm-bypass wasm) / (js-bypass js)","128","Chrome","steerable-nafx",0.942892008401878,0.0214272555584556,1296.00000000839,1,-2.5876095471661,0.117269463455767
"(wasm-bypass wasm) / (js-onnx js)","128","Chrome","steerable-nafx",0.00305069290579207,6.93271084496384e-05,1296.00000000839,1,-254.890084063222,0
"(wasm-bypass wasm) / (wasm-onnx js)","128","Chrome","steerable-nafx",0.00305078444182931,6.93291886094501e-05,1296.00000000839,1,-254.88876373318,0
"(js-bypass wasm) / (js-onnx wasm)","128","Chrome","steerable-nafx",0.00312378382728271,7.09881023279927e-05,1295.99999999912,1,-253.848225016777,0
"(js-bypass wasm) / (wasm-onnx wasm)","128","Chrome","steerable-nafx",0.00312772447181091,7.10776536197828e-05,1295.99999999912,1,-253.792748663256,0
"(js-bypass wasm) / (wasm-bypass js)","128","Chrome","steerable-nafx",0.988414868396099,0.0224617642256188,1295.99999999813,1,-0.512771979491029,1
"(js-bypass wasm) / (js-bypass js)","128","Chrome","steerable-nafx",0.965072360226371,0.0219313048692154,1295.99999999961,1,-1.56445052775603,1
"(js-bypass wasm) / (js-onnx js)","128","Chrome","steerable-nafx",0.0031224566299047,7.09579417187745e-05,1295.99999999949,1,-253.866925043372,0
"(js-bypass wasm) / (wasm-onnx js)","128","Chrome","steerable-nafx",0.0031225503192124,7.09600708117365e-05,1295.99999999961,1,-253.865604713331,0
"(js-onnx wasm) / (wasm-onnx wasm)","128","Chrome","steerable-nafx",1.00126149719253,0.0227537043373489,1295.99999999912,1,0.0554763535214939,1
"(js-onnx wasm) / (wasm-bypass js)","128","Chrome","steerable-nafx",316.41589912958,7.19056294146884,1295.99999999813,1,253.335453037237,0
"(js-onnx wasm) / (js-bypass js)","128","Chrome","steerable-nafx",308.943388398889,7.02074986036817,1295.99999999949,1,252.283774489041,0
"(js-onnx wasm) / (js-onnx js)","128","Chrome","steerable-nafx",0.99957513149072,0.0227153816147704,1295.99999999949,1,-0.0187000265755355,1
"(js-onnx wasm) / (wasm-onnx js)","128","Chrome","steerable-nafx",0.999605123741426,0.0227160631897703,1295.99999999949,1,-0.0173796965337769,1
"(wasm-onnx wasm) / (wasm-bypass js)","128","Chrome","steerable-nafx",316.017244263149,7.18150349497176,1295.99999999813,1,253.279976683716,0
"(wasm-onnx wasm) / (js-bypass js)","128","Chrome","steerable-nafx",308.554148207181,7.0119043627003,1295.99999999961,1,252.22829813552,0
"(wasm-onnx wasm) / (js-onnx js)","128","Chrome","steerable-nafx",0.998315758963525,0.0226867623277861,1295.99999999961,1,-0.0741763800970337,1
"(wasm-onnx wasm) / (wasm-onnx js)","128","Chrome","steerable-nafx",0.99834571342676,0.0226874430440644,1295.99999999961,1,-0.0728560500552752,1
"(wasm-bypass js) / (js-bypass js)","128","Chrome","steerable-nafx",0.976383896159306,0.0221883599391898,1295.9999999985,1,-1.05167854826465,1
"(wasm-bypass js) / (js-onnx js)","128","Chrome","steerable-nafx",0.00315905469428188,7.17896340773704e-05,1295.9999999985,1,-253.354153063832,0
"(wasm-bypass js) / (wasm-onnx js)","128","Chrome","steerable-nafx",0.00315914948171446,7.17917881252607e-05,1295.9999999985,1,-253.352832733791,0
"(js-bypass js) / (js-onnx js)","128","Chrome","steerable-nafx",0.0032354637419854,7.35260324957653e-05,1295.99999999986,1,-252.302474515636,0
"(js-bypass js) / (wasm-onnx js)","128","Chrome","steerable-nafx",0.00323556082207137,7.35282386442883e-05,1295.99999999998,1,-252.301154185594,0
"(js-onnx js) / (wasm-onnx js)","128","Chrome","steerable-nafx",1.00003000499888,0.0227257186319661,1295.99999999998,1,0.00132033004175872,1
"(wasm-bypass wasm) / (js-bypass wasm)","1024","Chrome","steerable-nafx",0.945124050318991,0.0214779787931275,1295.99999999912,1,-2.48356429530789,0.13133132759845
"(wasm-bypass wasm) / (js-onnx wasm)","1024","Chrome","steerable-nafx",0.00299170190223643,6.79865357250259e-05,1295.99999999912,1,-255.749326831029,0
"(wasm-bypass wasm) / (wasm-onnx wasm)","1024","Chrome","steerable-nafx",0.00299680256053828,6.81024483724725e-05,1295.99999999912,1,-255.674366178348,0
"(wasm-bypass wasm) / (wasm-bypass js)","1024","Chrome","steerable-nafx",0.937841874326301,0.0213124910759478,1295.999999999,1,-2.82393037781216,0.0529814356589331
"(wasm-bypass wasm) / (js-bypass js)","1024","Chrome","steerable-nafx",0.902557701126834,0.0205106569426874,1295.99999999912,1,-4.5114407119437,8.42675456795888e-05
"(wasm-bypass wasm) / (js-onnx js)","1024","Chrome","steerable-nafx",0.00298446564409861,6.78220914927865e-05,1295.99999999912,1,-255.855892397924,0
"(wasm-bypass wasm) / (wasm-onnx js)","1024","Chrome","steerable-nafx",0.00299748912885202,6.81180506626455e-05,1295.999999999,1,-255.66428592873,0
"(js-bypass wasm) / (js-onnx wasm)","1024","Chrome","steerable-nafx",0.00316540659527889,7.19339812610501e-05,1295.99999999998,1,-253.265762535765,0
"(js-bypass wasm) / (wasm-onnx wasm)","1024","Chrome","steerable-nafx",0.00317080340885074,7.20566240478965e-05,1295.99999999998,1,-253.190801883084,0
"(js-bypass wasm) / (wasm-bypass js)","1024","Chrome","steerable-nafx",0.992295005094588,0.0225499404747461,1295.99999999998,1,-0.340366082504325,1
"(js-bypass wasm) / (js-bypass js)","1024","Chrome","steerable-nafx",0.954962156366891,0.0217015501147825,1295.99999999998,1,-2.02787641663617,0.384993929630668
"(js-bypass wasm) / (js-onnx js)","1024","Chrome","steerable-nafx",0.00315775018431847,7.17599890404691e-05,1295.99999999998,1,-253.37232810266,0
"(js-bypass wasm) / (wasm-onnx js)","1024","Chrome","steerable-nafx",0.00317152984080802,7.20731322408343e-05,1295.99999999998,1,-253.180721633466,0
"(js-onnx wasm) / (wasm-onnx wasm)","1024","Chrome","steerable-nafx",1.00170493534066,0.0227637814855654,1295.99999999998,1,0.0749606526805855,1
"(js-onnx wasm) / (wasm-bypass js)","1024","Chrome","steerable-nafx",313.481056927905,7.12386854452715,1295.99999999998,1,252.92539645326,0
"(js-onnx wasm) / (js-bypass js)","1024","Chrome","steerable-nafx",301.6870432352,6.85584914972683,1295.99999999998,1,251.237886119129,0
"(js-onnx wasm) / (js-onnx js)","1024","Chrome","steerable-nafx",0.997581223539548,0.0226700699832676,1295.99999999998,1,-0.106565566894822,1
"(js-onnx wasm) / (wasm-onnx js)","1024","Chrome","steerable-nafx",1.00193442622451,0.0227689966743385,1295.99999999998,1,0.0850409022995567,1
"(wasm-onnx wasm) / (wasm-bypass js)","1024","Chrome","steerable-nafx",312.947501672532,7.11174348173143,1295.99999999998,1,252.85043580058,0
"(wasm-onnx wasm) / (js-bypass js)","1024","Chrome","steerable-nafx",301.173561786039,6.84418026491533,1295.99999999998,1,251.162925466448,0
"(wasm-onnx wasm) / (js-onnx js)","1024","Chrome","steerable-nafx",0.99588330689445,0.0226314847650799,1295.99999999998,1,-0.181526219575408,1
"(wasm-onnx wasm) / (wasm-onnx js)","1024","Chrome","steerable-nafx",1.00022910028268,0.0227302430796103,1295.99999999998,1,0.010080249618971,1
"(wasm-bypass js) / (js-bypass js)","1024","Chrome","steerable-nafx",0.962377268316353,0.0218700588064674,1295.99999999998,1,-1.68751033413184,0.733967095807851
"(wasm-bypass js) / (js-onnx js)","1024","Chrome","steerable-nafx",0.00318226955502761,7.23171926413444e-05,1295.99999999998,1,-253.031962020156,0
"(wasm-bypass js) / (wasm-onnx js)","1024","Chrome","steerable-nafx",0.0031961562081084,7.26327673431795e-05,1295.99999999998,1,-252.840355550962,0
"(js-bypass js) / (js-onnx js)","1024","Chrome","steerable-nafx",0.00330667572873462,7.51443275129107e-05,1295.99999999998,1,-251.344451686024,0
"(js-bypass js) / (wasm-onnx js)","1024","Chrome","steerable-nafx",0.00332110526020629,7.54722391461386e-05,1295.99999999998,1,-251.15284521683,0
"(js-onnx js) / (wasm-onnx js)","1024","Chrome","steerable-nafx",1.00436375763921,0.0228242033200576,1295.99999999998,1,0.191606469194379,1
"(wasm-bypass wasm) / (js-bypass wasm)","8192","Chrome","steerable-nafx",0.942859028017691,0.0214265060780518,1295.999999999,1,-2.58914875319279,0.107020192007882
"(wasm-bypass wasm) / (js-onnx wasm)","8192","Chrome","steerable-nafx",0.00509357598116549,0.000115751701448854,1295.99999999912,1,-232.332963807142,0
"(wasm-bypass wasm) / (wasm-onnx wasm)","8192","Chrome","steerable-nafx",0.00509253903137193,0.00011572813672667,1295.999999999,1,-232.341923116992,0
"(wasm-bypass wasm) / (wasm-bypass js)","8192","Chrome","steerable-nafx",0.964418016916123,0.0219164348934337,1295.99999999912,1,-1.59429668807677,1
"(wasm-bypass wasm) / (js-bypass js)","8192","Chrome","steerable-nafx",0.917543174680034,0.0208512023801588,1295.999999999,1,-3.78682086061719,0.00191485847621963
"(wasm-bypass wasm) / (js-onnx js)","8192","Chrome","steerable-nafx",0.0050745807015101,0.000115320033020281,1295.99999999912,1,-232.497374238353,0
"(wasm-bypass wasm) / (wasm-onnx js)","8192","Chrome","steerable-nafx",0.00508121744422872,0.000115470853242577,1295.999999999,1,-232.439861190322,0
"(js-bypass wasm) / (js-onnx wasm)","8192","Chrome","steerable-nafx",0.0054022667544208,0.000122766710620776,1295.99999999998,1,-229.743815053989,0
"(js-bypass wasm) / (wasm-onnx wasm)","8192","Chrome","steerable-nafx",0.00540116696138415,0.000122741717783582,1295.99999999998,1,-229.752774363839,0
"(js-bypass wasm) / (wasm-bypass js)","8192","Chrome","steerable-nafx",1.02286554856855,0.0232446571991871,1295.99999999998,1,0.994852065116197,1
"(js-bypass wasm) / (js-bypass js)","8192","Chrome","steerable-nafx",0.973149906205086,0.0221148673985693,1295.99999999998,1,-1.19767210742462,1
"(js-bypass wasm) / (js-onnx js)","8192","Chrome","steerable-nafx",0.0053821202859765,0.000122308881384649,1295.99999999998,1,-229.9082254852,0
"(js-bypass wasm) / (wasm-onnx js)","8192","Chrome","steerable-nafx",0.00538915924145277,0.00012246884190665,1295.99999999998,1,-229.850712437169,0
"(js-onnx wasm) / (wasm-onnx wasm)","8192","Chrome","steerable-nafx",0.99979642007945,0.0227204104060836,1295.99999999998,1,-0.00895930985017201,1
"(js-onnx wasm) / (wasm-bypass js)","8192","Chrome","steerable-nafx",189.340066876837,4.30275998129219,1295.99999999998,1,230.738667119106,0
"(js-onnx wasm) / (js-bypass js)","8192","Chrome","steerable-nafx",180.137329466142,4.09362743527467,1295.99999999998,1,228.546142946565,0
"(js-onnx wasm) / (js-onnx js)","8192","Chrome","steerable-nafx",0.996270737940177,0.0226402891498389,1295.99999999998,1,-0.164410431210681,1
"(js-onnx wasm) / (wasm-onnx js)","8192","Chrome","steerable-nafx",0.997573701269508,0.0226698990394043,1295.99999999998,1,-0.106897383179768,1
"(wasm-onnx wasm) / (wasm-bypass js)","8192","Chrome","steerable-nafx",189.378620561365,4.30363611519059,1295.99999999998,1,230.747626428956,0
"(wasm-onnx wasm) / (js-bypass js)","8192","Chrome","steerable-nafx",180.174009276636,4.09446098531676,1295.99999999986,1,228.555102256415,0
"(wasm-onnx wasm) / (js-onnx js)","8192","Chrome","steerable-nafx",0.996473599956486,0.0226448991966182,1295.99999999998,1,-0.155451121360509,1
"(wasm-onnx wasm) / (wasm-onnx js)","8192","Chrome","steerable-nafx",0.997776828597,0.02267451511539,1295.99999999998,1,-0.0979380733295958,1
"(wasm-bypass js) / (js-bypass js)","8192","Chrome","steerable-nafx",0.951395721135552,0.0216205027430223,1295.99999999998,1,-2.19252417254081,0.285189629456313
"(wasm-bypass js) / (js-onnx js)","8192","Chrome","steerable-nafx",0.0052618062007353,0.000119574739373923,1295.99999999998,1,-230.903077550317,0
"(wasm-bypass js) / (wasm-onnx js)","8192","Chrome","steerable-nafx",0.00526868780456498,0.00011973112407397,1295.99999999998,1,-230.845564502286,0
"(js-bypass js) / (js-onnx js)","8192","Chrome","steerable-nafx",0.00553061789520663,0.000125683495014254,1295.99999999998,1,-228.710553377776,0
"(js-bypass js) / (wasm-onnx js)","8192","Chrome","steerable-nafx",0.00553785106188669,0.000125847868993002,1295.99999999998,1,-228.653040329745,0
"(js-onnx js) / (wasm-onnx js)","8192","Chrome","steerable-nafx",1.0013078406097,0.0227547574932042,1295.99999999998,1,0.0575130480309136,1
"(wasm-bypass wasm) / (js-bypass wasm)","128","Firefox","steerable-nafx",0.996284973437651,0.0226406126520486,1295.9999999985,1,-0.163781667342962,1
"(wasm-bypass wasm) / (js-onnx wasm)","128","Firefox","steerable-nafx",0.00651305996074342,0.000148009527075324,1295.9999999985,1,-221.515412480804,0
"(wasm-bypass wasm) / (wasm-onnx wasm)","128","Firefox","steerable-nafx",0.00644121461155598,0.000146376838873482,1295.99999999863,1,-222.003519907913,0
"(wasm-bypass wasm) / (wasm-bypass js)","128","Firefox","steerable-nafx",1.00194396695551,0.0227692134878096,1295.99999999813,1,0.0854599232040682,1
"(wasm-bypass wasm) / (js-bypass js)","128","Firefox","steerable-nafx",0.994385785362315,0.0225974535332086,1295.9999999985,1,-0.247745851124507,1
"(wasm-bypass wasm) / (js-onnx js)","128","Firefox","steerable-nafx",0.00650576867630241,0.000147843832368322,1295.9999999985,1,-221.564702339923,0
"(wasm-bypass wasm) / (wasm-onnx js)","128","Firefox","steerable-nafx",0.00641853017090814,0.000145861334125716,1295.9999999985,1,-222.15876632178,0
"(js-bypass wasm) / (js-onnx wasm)","128","Firefox","steerable-nafx",0.00653734637617819,0.000148561436758985,1295.99999999998,1,-221.351630813522,0
"(js-bypass wasm) / (wasm-onnx wasm)","128","Firefox","steerable-nafx",0.00646523312434469,0.000146922660459661,1295.99999999998,1,-221.839738240631,0
"(js-bypass wasm) / (wasm-bypass js)","128","Firefox","steerable-nafx",1.00568009522249,0.0228541171400377,1295.99999999949,1,0.249241590547084,1
"(js-bypass wasm) / (js-bypass js)","128","Firefox","steerable-nafx",0.998093730081281,0.022681716713272,1295.99999999998,1,-0.0839641837815681,1
"(js-bypass wasm) / (js-onnx js)","128","Firefox","steerable-nafx",0.00653002790341647,0.000148395124196394,1295.99999999998,1,-221.400920672641,0
"(js-bypass wasm) / (wasm-onnx js)","128","Firefox","steerable-nafx",0.00644246409615232,0.000146405233456835,1295.99999999998,1,-221.994984654497,0
"(js-onnx wasm) / (wasm-onnx wasm)","128","Firefox","steerable-nafx",0.988969033047373,0.0224743576376863,1295.99999999998,1,-0.488107427108688,1
"(js-onnx wasm) / (wasm-bypass js)","128","Firefox","steerable-nafx",153.836134320057,3.49593180855723,1295.99999999949,1,221.600872404051,0
"(js-onnx wasm) / (js-bypass js)","128","Firefox","steerable-nafx",152.675668787918,3.46956018667194,1295.99999999998,1,221.267666629741,0
"(js-onnx wasm) / (js-onnx js)","128","Firefox","steerable-nafx",0.998880513232649,0.0226995963893147,1295.99999999998,1,-0.0492898591184764,1
"(js-onnx wasm) / (wasm-onnx js)","128","Firefox","steerable-nafx",0.98548611706248,0.0223952082438723,1295.99999999998,1,-0.643353840975827,1
"(wasm-onnx wasm) / (wasm-bypass js)","128","Firefox","steerable-nafx",155.552023551266,3.534925454425,1295.99999999949,1,222.088979831159,0
"(wasm-onnx wasm) / (js-bypass js)","128","Firefox","steerable-nafx",154.378614179121,3.50825968329965,1295.99999999998,1,221.75577405685,0
"(wasm-onnx wasm) / (js-onnx js)","128","Firefox","steerable-nafx",1.01002203289898,0.0229527878333753,1295.99999999998,1,0.438817567990213,1
"(wasm-onnx wasm) / (wasm-onnx js)","128","Firefox","steerable-nafx",0.996478235547821,0.0226450045406018,1295.99999999998,1,-0.155246413867139,1
"(wasm-bypass js) / (js-bypass js)","128","Firefox","steerable-nafx",0.992456482755056,0.0225536100605192,1295.99999999949,1,-0.333205774328645,1
"(wasm-bypass js) / (js-onnx js)","128","Firefox","steerable-nafx",0.00649314621462386,0.000147556986462555,1295.99999999949,1,-221.65016226317,0
"(wasm-bypass js) / (wasm-onnx js)","128","Firefox","steerable-nafx",0.006406076968966,0.000145578334653682,1295.99999999949,1,-222.244226245027,0
"(js-bypass js) / (js-onnx js)","128","Firefox","steerable-nafx",0.00654249967373775,0.000148678545635498,1295.99999999998,1,-221.316956488859,0
"(js-bypass js) / (wasm-onnx js)","128","Firefox","steerable-nafx",0.00645476862741906,0.000146684854382275,1295.99999999998,1,-221.911020470717,0
"(js-onnx js) / (wasm-onnx js)","128","Firefox","steerable-nafx",0.986590592175213,0.0224203074814176,1295.99999999998,1,-0.594063981857353,1
"(wasm-bypass wasm) / (js-bypass wasm)","1024","Firefox","steerable-nafx",0.955938792996075,0.021723744218089,1295.99999999998,1,-1.98289633167768,0.428308581437637
"(wasm-bypass wasm) / (js-onnx wasm)","1024","Firefox","steerable-nafx",0.00603496063888382,0.000137144702407621,1295.99999999998,1,-224.870304894541,0
"(wasm-bypass wasm) / (wasm-onnx wasm)","1024","Firefox","steerable-nafx",0.0059317636526416,0.000134799547100995,1295.99999999998,1,-225.62928063837,0
"(wasm-bypass wasm) / (wasm-bypass js)","1024","Firefox","steerable-nafx",1.20079234183742,0.0272880501181034,1295.99999999998,1,8.05198361790664,1.8294334543811e-14
"(wasm-bypass wasm) / (js-bypass js)","1024","Firefox","steerable-nafx",0.976842692807006,0.0221987861098716,1295.99999999998,1,-1.03100604746346,1
"(wasm-bypass wasm) / (js-onnx js)","1024","Firefox","steerable-nafx",0.00603087706115436,0.000137051902953577,1295.99999999986,1,-224.900090659977,0
"(wasm-bypass wasm) / (wasm-onnx js)","1024","Firefox","steerable-nafx",0.00590610150822282,0.000134216373925552,1295.99999999998,1,-225.820066258191,0
"(js-bypass wasm) / (js-onnx wasm)","1024","Firefox","steerable-nafx",0.00631312452544082,0.000143465986956954,1295.99999999986,1,-222.887408562863,0
"(js-bypass wasm) / (wasm-onnx wasm)","1024","Firefox","steerable-nafx",0.00620517097548729,0.000141012738565102,1295.99999999998,1,-223.646384306692,0
"(js-bypass wasm) / (wasm-bypass js)","1024","Firefox","steerable-nafx",1.25613935812138,0.0285458130981148,1295.99999999998,1,10.0348799495843,8.57075577757596e-22
"(js-bypass wasm) / (js-bypass js)","1024","Firefox","steerable-nafx",1.02186740402638,0.0232219743277672,1295.99999999998,1,0.951890284214218,1
"(js-bypass wasm) / (js-onnx js)","1024","Firefox","steerable-nafx",0.00630885272712133,0.000143368910183081,1295.99999999998,1,-222.917194328299,0
"(js-bypass wasm) / (wasm-onnx js)","1024","Firefox","steerable-nafx",0.00617832600946353,0.000140402685725197,1295.99999999998,1,-223.837169926513,0
"(js-onnx wasm) / (wasm-onnx wasm)","1024","Firefox","steerable-nafx",0.9829001393021,0.0223364418041882,1295.99999999998,1,-0.758975743828138,1
"(js-onnx wasm) / (wasm-bypass js)","1024","Firefox","steerable-nafx",198.972688255927,4.52166165629713,1295.99999999998,1,232.922288512448,0
"(js-onnx wasm) / (js-bypass js)","1024","Firefox","steerable-nafx",161.863970829091,3.67836468838634,1295.99999999986,1,223.839298847076,0
"(js-onnx wasm) / (js-onnx js)","1024","Firefox","steerable-nafx",0.999323346418675,0.0227096597897489,1295.99999999998,1,-0.0297857654363765,1
"(js-onnx wasm) / (wasm-onnx js)","1024","Firefox","steerable-nafx",0.978647892112047,0.0222398093304509,1295.99999999998,1,-0.949761363649855,1
"(wasm-onnx wasm) / (wasm-bypass js)","1024","Firefox","steerable-nafx",202.434286353043,4.60032660032756,1295.99999999998,1,233.681264256277,0
"(wasm-onnx wasm) / (js-bypass js)","1024","Firefox","steerable-nafx",164.679975469351,3.74235849737301,1295.99999999998,1,224.598274590905,0
"(wasm-onnx wasm) / (js-onnx js)","1024","Firefox","steerable-nafx",1.01670892744835,0.0231047477578685,1295.99999999986,1,0.729189978391759,1
"(wasm-onnx wasm) / (wasm-onnx js)","1024","Firefox","steerable-nafx",0.995673774964491,0.0226267231442678,1295.99999999986,1,-0.190785619821721,1
"(wasm-bypass js) / (js-bypass js)","1024","Firefox","steerable-nafx",0.813498436634154,0.0184867818826221,1295.99999999998,1,-9.08298966537018,4.22304522616618e-18
"(wasm-bypass js) / (js-onnx js)","1024","Firefox","steerable-nafx",0.00502241465991204,0.000114134557806943,1295.99999999998,1,-232.952074277884,0
"(wasm-bypass js) / (wasm-onnx js)","1024","Firefox","steerable-nafx",0.00491850364334058,0.000111773176134832,1295.99999999998,1,-233.872049876099,0
"(js-bypass js) / (js-onnx js)","1024","Firefox","steerable-nafx",0.00617384672635913,0.000140300893851958,1295.99999999998,1,-223.869084612515,0
"(js-bypass js) / (wasm-onnx js)","1024","Firefox","steerable-nafx",0.00604611320913027,0.00013739814497652,1295.99999999998,1,-224.789060210729,0
"(js-onnx js) / (wasm-onnx js)","1024","Firefox","steerable-nafx",0.979310546100294,0.0222548681666977,1295.99999999986,1,-0.919975598213482,1
"(wasm-bypass wasm) / (js-bypass wasm)","8192","Firefox","steerable-nafx",0.976218743403754,0.0221846068367418,1295.99999999998,1,-1.05912239382883,1
"(wasm-bypass wasm) / (js-onnx wasm)","8192","Firefox","steerable-nafx",0.00783350033846491,0.000178016583207984,1295.99999999998,1,-213.392210388375,0
"(wasm-bypass wasm) / (wasm-onnx wasm)","8192","Firefox","steerable-nafx",0.0075394223012985,0.000171333649000932,1295.99999999998,1,-215.075987239035,0
"(wasm-bypass wasm) / (wasm-bypass js)","8192","Firefox","steerable-nafx",1.06521153036925,0.0242069711925538,1295.99999999998,1,2.77990307127088,0.0551614550234662
"(wasm-bypass wasm) / (js-bypass js)","8192","Firefox","steerable-nafx",1.05656275938032,0.0240104275538388,1295.99999999998,1,2.42116041342697,0.140468982198756
"(wasm-bypass wasm) / (js-onnx js)","8192","Firefox","steerable-nafx",0.00783147642502341,0.000177970589700613,1295.99999999986,1,-213.403581098369,0
"(wasm-bypass wasm) / (wasm-onnx js)","8192","Firefox","steerable-nafx",0.00753161093130183,0.000171156135330556,1295.99999999986,1,-215.121602443069,0
"(js-bypass wasm) / (js-onnx wasm)","8192","Firefox","steerable-nafx",0.00802432896458438,0.000182353170752794,1295.99999999998,1,-212.333087994546,0
"(js-bypass wasm) / (wasm-onnx wasm)","8192","Firefox","steerable-nafx",0.00772308701532508,0.000175507436380035,1295.99999999998,1,-214.016864845206,0
"(js-bypass wasm) / (wasm-bypass js)","8192","Firefox","steerable-nafx",1.09116070303589,0.0247966670954831,1295.99999999998,1,3.83902546509973,0.00155379431689527
"(js-bypass wasm) / (js-bypass js)","8192","Firefox","steerable-nafx",1.08230124295343,0.0245953355393713,1295.99999999998,1,3.48028280725581,0.00569266792211555
"(js-bypass wasm) / (js-onnx js)","8192","Firefox","steerable-nafx",0.00802225574743384,0.000182306056816824,1295.99999999986,1,-212.34445870454,0
"(js-bypass wasm) / (wasm-onnx js)","8192","Firefox","steerable-nafx",0.00771508535581028,0.000175325598373364,1295.99999999986,1,-214.06248004924,0
"(js-onnx wasm) / (wasm-onnx wasm)","8192","Firefox","steerable-nafx",0.962458923283325,0.021871914418594,1295.99999999998,1,-1.68377685066045,0.671816514685279
"(js-onnx wasm) / (wasm-bypass js)","8192","Firefox","steerable-nafx",135.981551585405,3.0901857594478,1295.99999999998,1,216.172113459646,0
"(js-onnx wasm) / (js-bypass js)","8192","Firefox","steerable-nafx",134.877476699946,3.06509561708196,1295.99999999986,1,215.813370801801,0
"(js-onnx wasm) / (js-onnx js)","8192","Firefox","steerable-nafx",0.999741633579619,0.0227191653808607,1295.99999999986,1,-0.0113707099962327,1
"(js-onnx wasm) / (wasm-onnx js)","8192","Firefox","steerable-nafx",0.96146174837311,0.0218492535820961,1295.99999999998,1,-1.7293920546958,0.671816514685279
"(wasm-onnx wasm) / (wasm-bypass js)","8192","Firefox","steerable-nafx",141.285563774003,3.21071963144771,1295.99999999998,1,217.855890310307,0
"(wasm-onnx wasm) / (js-bypass js)","8192","Firefox","steerable-nafx",140.138424027309,3.18465083852692,1295.99999999986,1,217.497147652461,0
"(wasm-onnx wasm) / (js-onnx js)","8192","Firefox","steerable-nafx",1.03873693660516,0.0236053350758666,1295.99999999998,1,1.6724061406642,0.671816514685279
"(wasm-onnx wasm) / (wasm-onnx js)","8192","Firefox","steerable-nafx",0.998963929902782,0.0227014920362104,1295.99999999998,1,-0.0456152040353645,1
"(wasm-bypass js) / (js-bypass js)","8192","Firefox","steerable-nafx",0.991880700929011,0.0225405253973505,1295.99999999986,1,-0.358742657843902,1
"(wasm-bypass js) / (js-onnx js)","8192","Firefox","steerable-nafx",0.00735203872822206,0.000167075350413188,1295.99999999998,1,-216.183484169642,0
"(wasm-bypass js) / (wasm-onnx js)","8192","Firefox","steerable-nafx",0.00707053079747553,0.000160678072336697,1295.99999999998,1,-217.901505514342,0
"(js-bypass js) / (js-onnx js)","8192","Firefox","steerable-nafx",0.0074122207653965,0.000168442989420708,1295.99999999986,1,-215.824741511796,0
"(js-bypass js) / (wasm-onnx js)","8192","Firefox","steerable-nafx",0.00712840847780702,0.000161993344750236,1295.99999999986,1,-217.542762856496,0
"(js-onnx js) / (wasm-onnx js)","8192","Firefox","steerable-nafx",0.961710222000612,0.0218549001544166,1295.99999999998,1,-1.71802134469958,0.671816514685279
"(wasm-bypass wasm) / (js-bypass wasm)","128","Safari","steerable-nafx",0.956967440614663,0.021747120273048,1295.9999999985,1,-1.9355704857443,0.531376154769998
"(wasm-bypass wasm) / (js-onnx wasm)","128","Safari","steerable-nafx",0.00653390055364771,0.000148483130315326,1295.9999999985,1,-221.374831524683,0
"(wasm-bypass wasm) / (wasm-onnx wasm)","128","Safari","steerable-nafx",0.00648722610475484,0.000147422451748144,1295.9999999985,1,-221.690301401742,0
"(wasm-bypass wasm) / (wasm-bypass js)","128","Safari","steerable-nafx",0.969105017032363,0.0220229471434076,1295.99999999813,1,-1.3809568967789,1
"(wasm-bypass wasm) / (js-bypass js)","128","Safari","steerable-nafx",0.926268969766187,0.0210494963943173,1295.9999999985,1,-3.37031896522385,0.0092748370646924
"(wasm-bypass wasm) / (js-onnx js)","128","Safari","steerable-nafx",0.0065339003195137,0.000148483124994622,1295.9999999985,1,-221.374833101523,0
"(wasm-bypass wasm) / (wasm-onnx js)","128","Safari","steerable-nafx",0.00649572453585682,0.0001476155789074,1295.9999999985,1,-221.632692338281,0
"(js-bypass wasm) / (js-onnx wasm)","128","Safari","steerable-nafx",0.00682771458708247,0.000155160065027828,1295.99999999998,1,-219.439261038999,0
"(js-bypass wasm) / (wasm-onnx wasm)","128","Safari","steerable-nafx",0.0067789412987636,0.000154051690257522,1295.99999999998,1,-219.754730916058,0
"(js-bypass wasm) / (wasm-bypass js)","128","Safari","steerable-nafx",1.01268337448336,0.0230132669187325,1295.99999999949,1,0.554613588965396,1
"(js-bypass wasm) / (js-bypass js)","128","Safari","steerable-nafx",0.967921091621719,0.021996042394913,1295.99999999998,1,-1.43474847947994,1
"(js-bypass wasm) / (js-onnx js)","128","Safari","steerable-nafx",0.00682771434242001,0.000155160059467865,1295.99999999998,1,-219.439262615838,0
"(js-bypass wasm) / (wasm-onnx js)","128","Safari","steerable-nafx",0.00678782188418511,0.00015425350188774,1295.99999999998,1,-219.697121852597,0
"(js-onnx wasm) / (wasm-onnx wasm)","128","Safari","steerable-nafx",0.992856571888469,0.0225627021007843,1295.99999999998,1,-0.315469877059441,1
"(js-onnx wasm) / (wasm-bypass js)","128","Safari","steerable-nafx",148.319523548814,3.37056662595004,1295.99999999949,1,219.993874627946,0
"(js-onnx wasm) / (js-bypass js)","128","Safari","steerable-nafx",141.763554887452,3.22158199707526,1295.99999999998,1,218.004512559519,0
"(js-onnx wasm) / (js-onnx js)","128","Safari","steerable-nafx",0.999999964166273,0.0227250359529404,1295.99999999998,1,-1.57683913331233e-06,1
"(js-onnx wasm) / (wasm-onnx js)","128","Safari","steerable-nafx",0.994157239235975,0.0225922598140784,1295.99999999998,1,-0.257860813597993,1
"(wasm-onnx wasm) / (wasm-bypass js)","128","Safari","steerable-nafx",149.386656389555,3.39481725899143,1295.99999999949,1,220.309344505005,0
"(wasm-onnx wasm) / (js-bypass js)","128","Safari","steerable-nafx",142.783518688716,3.24476071196027,1295.99999999998,1,218.319982436579,0
"(wasm-onnx wasm) / (js-onnx js)","128","Safari","steerable-nafx",1.00719478772671,0.0228885385828852,1295.99999999998,1,0.315468300220308,1
"(wasm-onnx wasm) / (wasm-onnx js)","128","Safari","steerable-nafx",1.00131002541992,0.0227548071430968,1295.99999999998,1,0.0576090634614491,1
"(wasm-bypass js) / (js-bypass js)","128","Safari","steerable-nafx",0.95579834330303,0.0217205524936524,1295.99999999949,1,-1.98936206844522,0.515582799242619
"(wasm-bypass js) / (js-onnx js)","128","Safari","steerable-nafx",0.00674220048877892,0.000153216753999773,1295.99999999949,1,-219.993876204785,0
"(wasm-bypass js) / (wasm-onnx js)","128","Safari","steerable-nafx",0.00670280766448648,0.000152321550619361,1295.99999999949,1,-220.251735441544,0
"(js-bypass js) / (js-onnx js)","128","Safari","steerable-nafx",0.00705399892772293,0.000160302384988738,1295.99999999998,1,-218.004514136359,0
"(js-bypass js) / (wasm-onnx js)","128","Safari","steerable-nafx",0.00701278435085276,0.000159365782214016,1295.99999999998,1,-218.262373373117,0
"(js-onnx js) / (wasm-onnx js)","128","Safari","steerable-nafx",0.994157274860336,0.0225922606236432,1295.99999999998,1,-0.25785923675886,1
"(wasm-bypass wasm) / (js-bypass wasm)","1024","Safari","steerable-nafx",0.841368832299623,0.0191201376488382,1295.99999999998,1,-7.6006544212974,5.62644688564674e-13
"(wasm-bypass wasm) / (js-onnx wasm)","1024","Safari","steerable-nafx",0.00642071617930283,0.000145911011246818,1295.99999999998,1,-222.143781979079,0
"(wasm-bypass wasm) / (wasm-onnx wasm)","1024","Safari","steerable-nafx",0.00634630491974286,0.00014422001263742,1295.99999999998,1,-222.656737134095,0
"(wasm-bypass wasm) / (wasm-bypass js)","1024","Safari","steerable-nafx",0.960493427291454,0.0218272484499128,1295.99999999998,1,-1.7737326551806,0.534395097441466
"(wasm-bypass wasm) / (js-bypass js)","1024","Safari","steerable-nafx",0.787689266122993,0.0179002675338236,1295.99999999986,1,-10.5017035470198,9.77290279609685e-24
"(wasm-bypass wasm) / (js-onnx js)","1024","Safari","steerable-nafx",0.00642362621933979,0.000145977142013651,1295.99999999998,1,-222.123842560134,0
"(wasm-bypass wasm) / (wasm-onnx js)","1024","Safari","steerable-nafx",0.00633541720651942,0.000143972588954106,1295.99999999986,1,-222.732295742041,0
"(js-bypass wasm) / (js-onnx wasm)","1024","Safari","steerable-nafx",0.00763127410098348,0.000173420984525912,1295.99999999998,1,-214.543127557782,0
"(js-bypass wasm) / (wasm-onnx wasm)","1024","Safari","steerable-nafx",0.00754283338782254,0.000171411166067607,1295.99999999998,1,-215.056082712798,0
"(js-bypass wasm) / (wasm-bypass js)","1024","Safari","steerable-nafx",1.14158427364874,0.0259425445915969,1295.99999999998,1,5.82692176611682,6.40394124329887e-08
"(js-bypass wasm) / (js-bypass js)","1024","Safari","steerable-nafx",0.936199721078431,0.0212751730830089,1295.99999999998,1,-2.90104912572248,0.0302557098467188
"(js-bypass wasm) / (js-onnx js)","1024","Safari","steerable-nafx",0.00763473279819836,0.000173499583547286,1295.99999999998,1,-214.523188138837,0
"(js-bypass wasm) / (wasm-onnx js)","1024","Safari","steerable-nafx",0.00752989291177272,0.00017111709327359,1295.99999999986,1,-215.131641320744,0
"(js-onnx wasm) / (wasm-onnx wasm)","1024","Safari","steerable-nafx",0.988410753959218,0.0224616707248814,1295.99999999998,1,-0.512955155015768,1
"(js-onnx wasm) / (wasm-bypass js)","1024","Safari","steerable-nafx",149.592880368642,3.39950370649818,1295.99999999998,1,220.370049323899,0
"(js-onnx wasm) / (js-bypass js)","1024","Safari","steerable-nafx",122.679346684426,2.7878926639874,1295.99999999998,1,211.642078432059,0
"(js-onnx wasm) / (js-onnx js)","1024","Safari","steerable-nafx",1.00045322670489,0.0227353363607956,1295.99999999998,1,0.0199394189468921,1
"(js-onnx wasm) / (wasm-onnx js)","1024","Safari","steerable-nafx",0.986715037637332,0.0224231355091199,1295.99999999998,1,-0.588513762963119,1
"(wasm-onnx wasm) / (wasm-bypass js)","1024","Safari","steerable-nafx",151.346876558584,3.43936333440423,1295.99999999998,1,220.883004478915,0
"(wasm-onnx wasm) / (js-bypass js)","1024","Safari","steerable-nafx",124.117778153482,2.82058107200889,1295.99999999986,1,212.155033587074,0
"(wasm-onnx wasm) / (js-onnx js)","1024","Safari","steerable-nafx",1.01218367232189,0.0230019111687379,1295.99999999998,1,0.532894573962666,1
"(wasm-onnx wasm) / (wasm-onnx js)","1024","Safari","steerable-nafx",0.998284401181297,0.0226860497210304,1295.99999999998,1,-0.075558607947354,1
"(wasm-bypass js) / (js-bypass js)","1024","Safari","steerable-nafx",0.820088137765022,0.0186365330831065,1295.99999999998,1,-8.72797089183929,8.61780700528275e-17
"(wasm-bypass js) / (js-onnx js)","1024","Safari","steerable-nafx",0.00668783985066312,0.000151981406499886,1295.99999999998,1,-220.350109904953,0
"(wasm-bypass js) / (wasm-onnx js)","1024","Safari","steerable-nafx",0.00659600266540604,0.000149894403088318,1295.99999999998,1,-220.958563086862,0
"(js-bypass js) / (js-onnx js)","1024","Safari","steerable-nafx",0.00815502571332079,0.000185323259173191,1295.99999999998,1,-211.622139013113,0
"(js-bypass js) / (wasm-onnx js)","1024","Safari","steerable-nafx",0.00804304118260028,0.000182778406595205,1295.99999999986,1,-212.23059219502,0
"(js-onnx js) / (wasm-onnx js)","1024","Safari","steerable-nafx",0.986268034625864,0.0224129773492489,1295.99999999998,1,-0.608453181910019,1
"(wasm-bypass wasm) / (js-bypass wasm)","8192","Safari","steerable-nafx",0.588285265743925,0.0133688042936699,1295.99999999998,1,-23.3462021795263,5.88306524761915e-100
"(wasm-bypass wasm) / (js-onnx wasm)","8192","Safari","steerable-nafx",0.00748650376231493,0.00017013107325686,1295.99999999998,1,-215.385938776175,0
"(wasm-bypass wasm) / (wasm-onnx wasm)","8192","Safari","steerable-nafx",0.00727197454922267,0.000165255889001687,1295.99999999998,1,-216.665322585435,0
"(wasm-bypass wasm) / (wasm-bypass js)","8192","Safari","steerable-nafx",1.00807912018263,0.0229086350704606,1295.99999999998,1,0.354087823747286,1
"(wasm-bypass wasm) / (js-bypass js)","8192","Safari","steerable-nafx",0.506955529027067,0.0115205830365075,1295.99999999986,1,-29.8935486945931,9.76367639962176e-149
"(wasm-bypass wasm) / (js-onnx js)","8192","Safari","steerable-nafx",0.0075455245969272,0.000171472323893459,1295.99999999986,1,-215.04038519914,0
"(wasm-bypass wasm) / (wasm-onnx js)","8192","Safari","steerable-nafx",0.00735853583084577,0.000167222997309193,1295.99999999998,1,-216.144614081947,0
"(js-bypass wasm) / (js-onnx wasm)","8192","Safari","steerable-nafx",0.0127259753018763,0.00028919825663442,1295.99999999998,1,-192.039736596649,0
"(js-bypass wasm) / (wasm-onnx wasm)","8192","Safari","steerable-nafx",0.0123613066188676,0.000280911147405181,1295.99999999998,1,-193.319120405909,0
"(js-bypass wasm) / (wasm-bypass js)","8192","Safari","steerable-nafx",1.71358893190679,0.0389413714815568,1295.99999999998,1,23.7002900032737,1.88719462802685e-102
"(js-bypass wasm) / (js-bypass js)","8192","Safari","steerable-nafx",0.861751192061539,0.0195833275238314,1295.99999999986,1,-6.54734651506704,6.73575738357033e-10
"(js-bypass wasm) / (js-onnx js)","8192","Safari","steerable-nafx",0.0128263021977703,0.000291478189032358,1295.99999999998,1,-191.694183019614,0
"(js-bypass wasm) / (wasm-onnx js)","8192","Safari","steerable-nafx",0.0125084482976816,0.000284254947466223,1295.99999999998,1,-192.798411902421,0
"(js-onnx wasm) / (wasm-onnx wasm)","8192","Safari","steerable-nafx",0.971344539466855,0.0220738403730645,1295.99999999998,1,-1.27938380926101,1
"(js-onnx wasm) / (wasm-bypass js)","8192","Safari","steerable-nafx",134.652856952672,3.05999112506648,1295.99999999998,1,215.740026599923,0
"(js-onnx wasm) / (js-bypass js)","8192","Safari","steerable-nafx",67.7159252332105,1.53884689065394,1295.99999999998,1,185.492390081582,0
"(js-onnx wasm) / (js-onnx js)","8192","Safari","steerable-nafx",1.00788363119636,0.02290419257606,1295.99999999998,1,0.345553577034064,1
"(js-onnx wasm) / (wasm-onnx js)","8192","Safari","steerable-nafx",0.982906850042164,0.0223365943060029,1295.99999999998,1,-0.758675305772088,1
"(wasm-onnx wasm) / (wasm-bypass js)","8192","Safari","steerable-nafx",138.625226664248,3.15026337281522,1295.99999999998,1,217.019410409182,0
"(wasm-onnx wasm) / (js-bypass js)","8192","Safari","steerable-nafx",69.7136005627601,1.58424413596702,1295.99999999986,1,186.771773890842,0
"(wasm-onnx wasm) / (js-onnx js)","8192","Safari","steerable-nafx",1.03761702490196,0.0235798850412354,1295.99999999986,1,1.62493738629507,0.730933322838471
"(wasm-onnx wasm) / (wasm-onnx js)","8192","Safari","steerable-nafx",1.01190340821976,0.0229955421567129,1295.99999999998,1,0.520708503488927,1
"(wasm-bypass js) / (js-bypass js)","8192","Safari","steerable-nafx",0.502892599278539,0.0114282528085893,1295.99999999986,1,-30.2476365183408,1.9981945015785e-151
"(wasm-bypass js) / (js-onnx js)","8192","Safari","steerable-nafx",0.00748505196254852,0.000170098081053789,1295.99999999998,1,-215.394473022889,0
"(wasm-bypass js) / (wasm-onnx js)","8192","Safari","steerable-nafx",0.00729956179383284,0.000165882810149761,1295.99999999998,1,-216.498701905694,0
"(js-bypass js) / (js-onnx js)","8192","Safari","steerable-nafx",0.014883997046858,0.000338239380133685,1295.99999999986,1,-185.146836504547,0
"(js-bypass js) / (wasm-onnx js)","8192","Safari","steerable-nafx",0.0145151505595926,0.000329857330149102,1295.99999999986,1,-186.251065387352,0
"(js-onnx js) / (wasm-onnx js)","8192","Safari","steerable-nafx",0.975218586371373,0.0221618782314078,1295.99999999998,1,-1.10422888280615,1
